BTC,ETH,ADA,BNB,XRP,SOL,DOT,DOGE,MATIC,LTC,date
3.079045481423289e-22,1.3215285906199645e-22,1.6814081584625639e-22,1.6849958194163824e-22,1.0,2.2430809954203004e-22,5.029404506915836e-22,2.2393433077093023e-22,3.3667413109259043e-22,1.151172628020091e-22,2017-05-02
-3.0340049615124163e-22,-9.253737693294817e-23,-3.2667718760337566e-22,-1.946326374461514e-22,-1.626921070160792e-22,-1.62378202534805e-22,-2.187671338700252e-22,1.0,-2.73541540159317e-22,-2.99834831061125e-22,2017-05-09
1.0,1.0094462282880746e-25,2.7886216128416454e-23,1.9368911820727214e-25,-5.530812395981457e-23,2.777293639814965e-22,-2.7701255348598677e-23,1.6674143697868325e-22,2.2221160928876056e-22,6.16124340953558e-26,2017-05-16
2.7778327548302013e-22,1.9447826466704451e-22,3.3322393545892723e-22,1.1146380929524004e-22,3.609664277455966e-22,2.2233174894737323e-22,2.2213716570309295e-22,1.0,2.7786669652611554e-22,4.444942085185901e-22,2017-05-23
-9.330000619585156e-23,-1.0791419678267642e-22,0.16962853967379243,2.9444282651346893e-22,-2.514979611333293e-22,0.4667407080220054,-1.3774895622576671e-22,2.148763787216956e-23,-1.6939713756874756e-22,0.36363075230420216,2017-05-30
1.389217385100636e-22,2.3413126967148074e-25,1.0,-2.765327803320491e-23,1.5265957237115148e-22,-5.716160074941316e-30,-2.772985351539184e-22,-1.665320248488254e-22,-1.11034644539697e-22,-8.316388275493351e-23,2017-06-06
-2.1603242098844956e-22,-3.253106558211381e-22,6.001008171091456e-23,-1.7120193922942232e-22,-2.1273405753069597e-22,-4.120369378887372e-23,-2.6622482743755627e-22,1.0,-2.1423271079186483e-22,-1.5927039927785612e-22,2017-06-13
1.1127594696637558e-22,1.5278668465189774e-22,1.1127190383005808e-22,2.2258027393335875e-22,2.8225707867819316e-23,1.0,1.114450468618403e-22,-1.347457122005589e-23,1.1140282502322572e-22,1.120243153747829e-22,2017-06-20
2.6465186412083546e-22,0.2814312294623024,3.407474583083167e-22,8.897804801368159e-23,2.219720666551464e-22,9.79004338568271e-23,-8.162943423454436e-24,-3.0821494192679654e-22,0.7185687705376976,-1.9576531959746807e-22,2017-06-27
-2.7531833665754404e-22,-1.051046330286278e-22,-2.4572352692176913e-22,1.0,-1.015892057768141e-22,-1.5733859956738455e-22,-2.702490180863737e-22,-2.1300458742570594e-22,-1.171929263728014e-22,-2.444966414909932e-22,2017-07-04
1.8868349778376382e-23,2.9617525119585474e-23,1.316970139509625e-22,-9.404348213283589e-23,1.7765318032534306e-22,1.228113334767881e-22,1.8142397339157865e-22,1.0,2.377462283827006e-23,2.3853662580638682e-22,2017-07-11
3.7053337211210517e-25,2.222280798740006e-22,-1.6643232195315043e-22,2.2212289022115895e-22,1.0,1.113020879725041e-22,2.2240438894278875e-22,1.1132068942435314e-22,2.21817469718594e-22,3.104885787394905e-25,2017-07-18
-2.133611071152451e-22,5.697047522114742e-23,-1.630734511676073e-22,4.5220962979812465e-23,-1.0523812875564129e-22,-1.0830102046027462e-22,-3.245683903234201e-22,1.0,-1.0366768713834498e-22,-1.0672854274830036e-22,2017-07-25
0.5058347657709535,-6.481579910647989e-23,1.816815907402095e-22,4.797234832876789e-23,1.869717352285489e-22,1.3723691581014028e-22,3.2305563954086635e-23,6.240163928405071e-23,0.4941652342290465,-4.219133776873797e-23,2017-08-01
-1.6643572462069455e-22,1.1121883184756019e-22,1.0,-5.514056390388866e-23,1.113012859366973e-22,-8.303301330842198e-23,2.912333222077574e-25,1.1104993080359186e-22,-5.519982076773577e-23,1.1138911132581203e-22,2017-08-08
2.223389252651022e-22,3.054939680701541e-22,2.2270565970342115e-22,3.3354364901638134e-22,3.3367178182506435e-22,1.0,2.501864560121792e-22,1.113194553400597e-22,3.0537152057585204e-22,2.7809043697155837e-22,2017-08-15
-8.30405786069922e-23,0.7128271618234162,-1.1257079075269506e-22,-1.9173538805578335e-22,3.1268185745799843e-24,-2.0148465496273835e-22,0.2871728381765838,-1.7373107501995677e-22,2.829526230236717e-23,-1.6916505280899058e-22,2017-08-22
2.4668620822297087e-25,1.1167913851436245e-22,2.2262840131028043e-22,1.6664577222038202e-22,1.119816290388436e-22,1.6660481191980706e-22,1.0,1.7041103493024887e-22,2.7798100044828525e-22,1.1181530299787765e-22,2017-08-29
-1.3732048896395307e-22,-2.356787640445716e-22,-1.8606076483781998e-22,9.221351837558623e-23,-2.85717470381812e-22,-1.2950791101527107e-22,1.0,-7.280050683131883e-23,-2.3658482959439988e-23,-1.1819403561859802e-22,2017-09-05
-2.2057271272027714e-22,-1.098364486758042e-22,-2.211554398667473e-22,-4.427559500426395e-22,-5.417343714576701e-23,-1.6467160059975313e-22,1.0,-2.21623807018753e-22,-2.7714432348963657e-22,-1.1022686027961455e-22,2017-09-12
3.3427660425597716e-22,2.7950219691204615e-22,1.6862815390471902e-22,1.6895193999434457e-22,1.0,2.9240042956026536e-22,2.2439639823767307e-22,4.454199798877865e-22,8.517955383791418e-23,2.2520395380667095e-22,2017-09-19
1.709445386338067e-22,4.689313896214835e-24,1.706418372022781e-22,1.1388013142816607e-22,1.0,2.2714986410403617e-22,1.1484178888652045e-22,2.256309027189536e-22,3.3720741133473385e-22,6.1603001645452725e-24,2017-09-26
-1.673744332948699e-22,-4.6565180900736484e-23,-1.9770669486599316e-22,2.775431489629136e-22,1.0,1.0966215245417882e-22,-4.402031096975787e-24,-1.138899915639393e-22,1.0969236816261662e-22,-1.1302593263929876e-22,2017-10-03
2.6783418980871276e-22,-1.8244966657652163e-22,-1.7387274885834504e-22,3.693919451942166e-23,0.35258398371626665,-2.7770567575731536e-22,1.3018813831047943e-22,9.373013434315287e-23,0.6474160162837334,-6.689528805539311e-22,2017-10-10
1.1096018479778828e-22,-1.1081059162906888e-22,1.0,-1.1080260953075493e-22,-5.571784677304376e-23,1.110836561318562e-22,-3.612087465525292e-26,1.1100720868002233e-22,-2.2003419433194504e-25,2.800070634347857e-23,2017-10-17
3.912664470754611e-22,2.303762551168041e-22,2.2852874191381153e-22,2.8863628533575446e-22,2.8776577754948057e-22,2.275458752913819e-22,1.1782776904335897e-22,1.0,2.315612488526469e-22,1.126734447238608e-22,2017-10-24
1.0,1.1267425044435676e-22,1.0343139320264998e-24,1.136183669218155e-22,2.785889056251265e-22,1.4026001507577614e-22,-1.657183790540832e-22,6.945677233519467e-25,1.1099706925513304e-24,1.78934946539665e-24,2017-10-31
1.131720684525377e-22,1.6838635401572841e-22,-1.0759455115084552e-22,-1.6467707653704536e-22,1.0,3.905165700738024e-25,5.664671722929902e-23,-2.4301387821574925e-23,-5.448172497437389e-23,1.2020255532464249e-24,2017-11-07
5.145916927322922e-22,2.3153600114983413e-22,2.887401610537064e-22,3.433527005008475e-22,2.290008221616831e-22,1.0,2.4410619415887127e-22,3.8023600953607866e-22,1.7867305397515096e-22,2.902344904565498e-22,2017-11-14
3.616239585596116e-24,1.0,1.9089668264454674e-24,2.2484321763171185e-22,-5.114945357398975e-23,3.1558617364231138e-24,2.0525410642655987e-24,-5.21677857826555e-23,1.7087757604105192e-22,1.140669662187088e-22,2017-11-21
-1.0972148800690123e-22,6.815125329714937e-25,-5.448405841414632e-23,-6.917993188266214e-23,-5.46123164167498e-23,-1.1020268686668773e-22,5.65447970674866e-23,1.0,-2.214055307385482e-22,9.0799796707509e-25,2017-11-28
1.121559007842105e-22,2.2391645983663504e-22,2.244184138086457e-22,2.2414532183439364e-22,3.8860861311950846e-22,1.0,2.2272108350875855e-22,2.2341036300442473e-22,2.2454624619151667e-22,2.2488190628559145e-22,2017-12-05
3.332365476962057e-22,2.231967174093782e-22,2.2361002317722397e-22,2.7841919824205354e-22,2.22588060663028e-22,2.230427748768579e-22,2.229982907923972e-22,1.0,1.1205322659386183e-22,2.228769000481519e-22,2017-12-12
-1.6636142972144088e-22,-1.1084197610504161e-22,-1.105090209333514e-22,1.0,-1.6615515979790222e-22,-1.941674680365808e-22,-2.079486083876723e-22,-1.3835561870526695e-22,-1.6631455928728996e-22,-2.2187720444649005e-22,2017-12-19
6.593770645321117e-23,1.0,-2.7748265462436597e-22,-3.885467922947857e-22,-1.1100399358611402e-22,-2.497863688903142e-22,-2.220147907065718e-22,-1.824957212225704e-26,-1.9422877958957428e-22,-5.552134107473746e-23,2017-12-26
2.2207046870840346e-22,1.0943422220437912e-22,1.0949064300156803e-22,1.0,5.441400247668541e-23,1.0884913134482891e-22,1.0933524350689667e-22,1.64025552893431e-22,2.198184189033583e-22,5.2821117775109654e-23,2018-01-02
1.1110035124971286e-22,-2.782757965051563e-23,1.0,2.221361350855944e-22,5.562736553115795e-23,1.1962656314209152e-25,-2.7748734900927194e-22,5.554546926451807e-23,5.557496342099109e-23,1.111832782212885e-22,2018-01-09
-5.432950032051944e-23,-5.500634937821983e-23,5.905233470925271e-25,-1.1063767610122802e-22,-1.3811304033074091e-22,-5.484072471856918e-23,-1.9348751815155125e-22,-2.769573880892839e-22,1.0,-8.238166336905154e-23,2018-01-16
1.1918409383369217e-25,1.3595876800449407e-25,1.0,6.529606939609189e-26,2.6796632355735855e-25,-1.109429320299977e-22,-2.768262714481233e-23,-1.1095782818753786e-22,5.560765798461585e-23,2.776155957189926e-22,2018-01-23
3.736248104095159e-23,1.1323149462141956e-22,1.0,-5.2289429820970026e-23,1.958908881217192e-22,5.841479373611696e-23,1.1304259134899057e-22,3.1056761352721175e-23,1.469057126320089e-22,2.243505380169485e-22,2018-01-30
2.2222184594614902e-22,2.7749921887143105e-22,1.108821556174393e-22,2.222168986334857e-22,2.225403076537615e-22,2.220440518274475e-22,3.8901537070089143e-22,1.0,4.1661086350798647e-22,3.8885155358119e-22,2018-02-06
8.361197678564664e-25,1.1141327037900519e-22,5.608617754227864e-23,-5.51776889368465e-23,8.361459140117612e-23,1.1160983149247896e-22,5.555194257082465e-23,9.904084778101688e-25,-5.490387388144129e-23,1.0,2018-02-13
2.282592283705518e-22,-6.722100904394175e-22,-8.556117546914717e-23,0.7175699878894594,-2.5029432801695093e-22,-8.960194722088411e-22,0.28243001211054064,-7.012277030145421e-22,1.1319006820381278e-22,3.7133978244535055e-23,2018-02-20
-1.0901932901419895e-22,-1.074631272730142e-22,5.965324023700029e-23,-1.1001627204211756e-22,1.657671105413024e-22,1.0,-1.3616656285933302e-22,4.2788633017930474e-24,6.057947431009547e-23,5.786238603560475e-23,2018-02-27
-1.6065374450939722e-22,-1.0517968863092053e-22,-1.6178123615933574e-22,-1.043684054792117e-22,1.0,-1.0195755408587817e-22,-1.0246568088137586e-22,-1.5647585894102058e-22,-2.7340000046464565e-22,-1.0439802108636776e-22,2018-03-06
1.0917588022422152e-22,2.217435098918617e-22,2.2022324804184347e-22,1.9220479717748903e-22,3.602018888249309e-22,1.0793936569608036e-22,1.0977976115965879e-22,-5.499180447101256e-25,1.0,1.097593276322834e-22,2018-03-13
3.99746701036215e-25,2.7862098255534407e-22,1.0,-5.484630132036774e-23,-1.6580868769258665e-22,4.221903100314225e-23,1.955965193905694e-22,1.1156547595382723e-22,6.836350402741886e-25,1.1158337736634898e-22,2018-03-20
-5.550456353940513e-23,1.1154825711630005e-22,4.074186483622854e-25,7.281984969301113e-25,5.573278890561318e-23,2.2221106073923083e-22,1.872970121886333e-25,1.0,1.1142437675939351e-22,1.1119239784662775e-22,2018-03-27
1.1349651788019916e-22,1.1635097446382799e-22,3.396801295805899e-22,1.0,2.256899710057554e-22,2.2441343789900417e-22,4.43002293641792e-24,1.305865025096681e-22,8.619269587569135e-23,2.248645118818313e-22,2018-04-03
1.1355464572000167e-22,-4.1302007653798624e-23,2.183848078979004e-25,1.1113863050096047e-22,2.225172656784547e-22,1.0,1.6693198870154434e-22,2.779572630250681e-22,5.586727174644926e-23,1.113835114295056e-22,2018-04-10
3.3392624462177987e-22,2.228550862861337e-22,2.8063338287849287e-23,2.7832554389731e-22,1.117020806009275e-22,1.1163566220587116e-22,1.6723349469526014e-22,2.226823487827828e-22,1.1148516810176084e-22,1.0,2018-04-17
1.6719619898947212e-22,2.2248297176097437e-22,1.6675639078701037e-22,3.3336045241843713e-22,1.0,1.1152476325234667e-22,2.2250414637848864e-22,2.676083055066486e-25,1.1152382028546065e-22,-2.693718172798533e-23,2018-04-24
5.660801801824184e-23,1.292817637914139e-24,1.5373749970167382e-22,1.3982421722799312e-22,-1.1002606490978005e-22,5.566379883479102e-23,-1.0966694044467268e-22,4.880326046525491e-25,1.1248831374884347e-22,1.0,2018-05-01
4.1656930343584897e-22,4.44502942008457e-22,3.3341769690273726e-22,1.0,2.2232446653170437e-22,3.3339035024905612e-22,4.443302207430067e-22,5.00305696258868e-22,2.2264523880212305e-22,1.668955136984465e-22,2018-05-08
-1.1045195418696287e-22,-2.2123728729257417e-22,-1.1024068399924299e-22,-4.076277610978593e-23,1.0,-1.378258657726166e-22,-1.2394773760404847e-22,-2.2075566181619383e-22,-2.210179350384503e-22,-1.1153451766843264e-22,2018-05-15
9.368416001801242e-23,1.8638332538041434e-22,1.717862846398764e-24,1.6434207225293152e-22,0.7800047895328618,-4.9934146134541724e-23,5.153429513109669e-23,0.2199952104671382,1.3039639928119464e-22,-7.074675037583583e-23,2018-05-22
1.0666299572021768e-24,-5.442008713649219e-23,1.1198182511237862e-22,2.233436382385958e-24,2.227904388776466e-22,1.114976899720952e-22,1.0,2.227570492690161e-22,1.1227835517334175e-22,-1.1043981966967377e-22,2018-05-29
1.0,-7.935547277554339e-26,-1.1102162228117785e-22,-1.0106706421020786e-25,-3.483792258577518e-26,-1.375418475671521e-23,1.1090581646260036e-22,-1.1083684259038977e-22,-8.166151349821863e-26,-1.1117651884466651e-22,2018-06-05
1.0,1.1093947625763167e-22,5.569925052351668e-23,2.7856623622404894e-23,3.3323130698044127e-22,-5.54308418962809e-23,1.1104467016215625e-22,2.220869586577135e-22,1.1926367711085414e-25,2.22011085277833e-22,2018-06-12
1.0,1.1105328078231494e-22,1.1081935888048771e-22,1.6866928603291176e-25,1.5237753771791456e-22,5.118423527020636e-26,1.1144586729875214e-22,1.3890134149523847e-22,2.2485814656010557e-25,-5.532007330433211e-23,2018-06-19
0.07839880618834193,1.4834822348454008e-22,1.1339051814694136e-22,6.77547900054529e-23,0.9216011938116582,7.303120554378382e-23,-1.2964195713454408e-22,3.089266230075741e-22,-2.494199576322844e-22,-1.158867928460073e-22,2018-06-26
2.2200856007706786e-22,1.0,1.6641364177159637e-22,1.1109236973919274e-22,1.944301429184605e-22,3.331397260633721e-22,1.390281059414812e-22,3.333531050288253e-22,3.330591316213744e-22,7.619775529622604e-23,2018-07-03
-3.3274916586019985e-22,-5.524147832736557e-23,-1.1092105950169391e-22,1.0,-1.106592863972217e-22,-2.356697247124073e-22,-2.2207352145527673e-22,-1.1082127561912403e-22,3.106330381223871e-25,-5.53299376964105e-23,2018-07-10
1.1115408318292107e-22,1.4450425321246437e-25,5.563145282288611e-23,1.0,1.3614157804518729e-25,-1.6640839890418303e-22,1.1121178180304283e-22,5.560767081593151e-23,-2.705340388408337e-26,-1.10952996479975e-22,2018-07-17
5.751178835739078e-22,5.0787368208529635e-22,7.881667134176146e-22,0.3317923500234715,5.433664587483015e-22,7.391636951102604e-22,-1.5176280928482172e-22,8.993710310449649e-22,0.6682076499765286,9.036445048721646e-23,2018-07-24
1.6681937407878084e-22,1.1192061278021438e-22,-9.67490414528714e-23,1.0,4.759120977334284e-25,1.1175384990251475e-22,1.6722456965933431e-22,8.98734769582647e-23,1.3933852476149735e-22,-2.4918866185688473e-22,2018-07-31
1.690327774625086e-22,3.332304948442875e-22,4.387754191394368e-24,1.1384615722815283e-22,1.1847062719321867e-22,3.11937795785629e-22,1.0,1.1480905773330823e-22,1.1361912632523704e-22,1.7054822079604334e-22,2018-08-07
-1.6467590098869628e-22,1.531132953411946e-24,1.8209657778904476e-22,-1.1011820048619912e-22,1.3641158071225274e-24,-1.2610310374757016e-23,1.0,7.078233087923026e-23,1.1246279374495883e-22,-1.0950386208627564e-22,2018-08-14
5.798497613238508e-22,0.33771224408543704,-4.959487553596176e-22,-7.836873547665834e-22,-4.59893461675807e-22,1.8284171082927925e-22,0.662287755914563,-6.6307469576528e-22,-5.06098116998172e-23,-8.318483139291849e-22,2018-08-21
1.0,2.085392136661358e-25,1.3183061266515385e-25,-1.6643844235821698e-22,3.4884773142788335e-25,-1.109665899739379e-22,-2.7728628389291906e-22,-9.616334612672664e-27,-2.220284214953977e-22,1.1123923065350016e-22,2018-08-28
1.3565098934708292e-22,5.132361565883156e-23,5.402844650318414e-23,2.0461086292931837e-22,-5.660123688785594e-23,1.0,-5.1757346122893565e-24,1.6223438348355555e-22,-8.273687892552888e-23,-1.1601446896238926e-22,2018-09-04
-2.717479861893254e-22,-3.7310772664232205e-22,-3.262619042760259e-22,4.162665014900366e-24,-1.0597563098025034e-22,-1.0145517990676853e-22,-2.1604299111829677e-22,-2.8222989018187905e-22,-2.1345895432580374e-22,1.0,2018-09-11
1.727489475174397e-22,6.2025642742406346e-24,-1.5834461000290383e-22,-4.7131568880107497e-23,1.1560687133466094e-22,-2.1728379878618077e-22,1.1679039617760184e-22,1.0,-1.0433726164240772e-22,9.425411297806623e-23,2018-09-18
-1.109545563915557e-22,-1.6651533067852628e-22,-1.6641908910343633e-22,2.7778872118013074e-23,1.0,1.110259673601698e-22,1.9003183348003515e-25,-5.539601660163258e-23,2.6872501053295486e-25,1.1099235431747308e-22,2018-09-25
4.441042038321918e-22,1.111017894386692e-22,1.0,2.7760156405978955e-22,4.441496840885087e-22,3.3316172159851033e-22,1.1103866467578874e-22,3.331285604490824e-22,2.7749423405937096e-22,2.775608754154851e-22,2018-10-02
1.0,1.7984513625507616e-25,2.780106538760832e-23,5.567458654927e-23,-1.1114276567669964e-22,-1.1116207420676475e-22,7.872864574914752e-26,-5.529430192421927e-23,-5.560789346729978e-23,-1.5532954027354756e-25,2018-10-09
2.7822899043789523e-22,3.384393669794666e-22,1.7102016928334372e-22,3.966422284201118e-22,3.3776017083870603e-22,3.3925281952947965e-22,1.0,4.4888170357071785e-22,3.9578031325656646e-22,3.3528988781647925e-22,2018-10-16
1.1138495482463577e-22,1.0,1.6698444708584343e-22,3.6529732017965235e-25,5.56692294564924e-23,4.907393982706562e-25,5.593971519455098e-23,5.57819190349086e-23,2.222387845832101e-22,1.6688340756089068e-22,2018-10-23
1.768291350936135e-22,2.151972481217688e-22,1.1799964775066613e-22,2.1508735593194493e-22,8.093922311340841e-23,0.5073438392357308,0.49265616076426927,4.332901877349218e-22,1.2812782756795792e-22,3.2618681084384684e-23,2018-10-30
1.6675151045664976e-22,1.0,1.112922871237879e-22,-5.478163389684629e-23,1.4608318126672693e-22,1.6668884161839465e-22,5.594674003403796e-23,1.6701713817894243e-22,3.3354509359865473e-22,2.7763053615443255e-22,2018-11-06
-1.465931455363637e-21,2.05829997755093e-22,0.8988619542513208,-6.46783389277101e-22,-1.12690841217332e-21,1.0371539506683e-21,-1.5780007445521986e-21,-3.3539059016502478e-22,0.10113804574867921,-2.025202882248006e-21,2018-11-13
-1.9405200521842267e-22,-1.1058190592092255e-22,1.0,-1.1075701014565606e-22,-2.7449309418764236e-23,-2.746337870909765e-23,-6.207994147564163e-23,-1.107958056247067e-22,1.4120362478020713e-23,-1.6630780562413175e-22,2018-11-20
-2.7410834634320503e-22,-2.197854165106468e-22,-4.98912275268289e-22,-3.273924205989421e-22,-3.5925660636175044e-22,-2.2339516442734987e-22,-2.949062966010939e-22,-3.299148120709304e-22,1.0,-3.2804340904203234e-22,2018-11-27
1.0,-1.6656337198872024e-22,1.4216349721735556e-26,1.6001066938889222e-25,-9.680193716848299e-23,-1.1097220523531342e-22,-5.54939630291686e-23,-5.56527602479071e-23,5.624506455557487e-26,1.1136888707460663e-22,2018-12-04
1.0,1.6755149733435923e-22,1.119872276709696e-22,5.637357122654905e-23,-5.434454932910445e-23,1.6351358929034262e-24,1.1152109783326172e-22,1.479160297118918e-24,1.679315797560251e-22,1.1173977356828516e-22,2018-12-11
0.13268539288123324,2.028647084499001e-22,-3.311347745408319e-22,-3.848437624962496e-22,2.862591297161347e-22,-2.5544741043030415e-22,-6.75618913767172e-23,-3.5435509221080847e-22,7.027054007519872e-24,0.8673146071187667,2018-12-18
5.286760925249951e-24,3.1642196375952447e-24,-5.315447454556373e-23,1.3947351427136097e-24,1.0,2.09912750386841e-24,2.2350203490088373e-22,1.153359779111295e-22,5.947840293922372e-23,3.185399914570208e-23,2018-12-25
-1.1043774913243507e-22,5.982192090759029e-25,-2.492595429532525e-22,1.0,-1.1075607968961096e-22,-1.9399133975175502e-22,-4.438662718838346e-22,-3.050562537210093e-22,-5.497955733073292e-23,-1.1097168729728459e-22,2019-01-01
-5.1540802899993696e-23,1.249324953625721e-24,5.396101249863094e-24,1.0,-2.732391586563374e-22,-1.072117309650673e-22,5.818458513892645e-23,-1.083432199010943e-22,-1.0557746557169868e-22,-1.0941988317754216e-22,2019-01-08
1.6659232884540551e-22,2.776674664211766e-22,1.114208870398159e-22,1.0,1.6634682338014987e-22,1.1117706113261281e-22,5.54814203164204e-23,1.1092397711453708e-22,2.222746675392652e-22,1.1111035477097044e-22,2019-01-15
2.2258890840808573e-22,2.2287229251960496e-22,1.1148155512574828e-22,3.330721842040457e-22,1.2526021268197054e-22,1.1135794434433754e-22,-8.264745363829077e-23,2.78237683244418e-22,2.2274908901845142e-22,1.0,2019-01-22
1.1120169783877297e-22,1.0,2.775590721002558e-22,-1.6154578423636056e-25,1.6669440010451098e-22,1.664837075971668e-22,8.334814331785325e-23,1.3884742301953733e-23,8.324115778772376e-23,5.580421121448799e-23,2019-01-29
-5.2424189541583813e-23,-1.0763782575053075e-22,3.622351978023724e-24,-1.9185033459375314e-22,-1.0940228832145264e-22,-8.222961176231371e-23,-1.651985934182593e-22,-1.0861788907638535e-22,-7.98682752767377e-23,1.0,2019-02-05
-2.218588568476151e-22,-1.104868796268868e-22,-1.6599655070400069e-22,1.0,-5.515150359195881e-23,-2.2159289612664246e-22,-2.2174222702222203e-22,-1.1045187905335425e-22,-1.1074604085065006e-22,-5.517905280185517e-23,2019-02-12
1.0,3.8869044243620125e-22,2.221641520568816e-22,1.6653176023221402e-22,2.2220060132801463e-22,5.559890299058555e-23,1.1108395971850445e-22,2.7773596471426155e-22,1.3880756084877955e-22,1.1116189333806144e-22,2019-02-19
1.1313220449143545e-22,1.1320989562562723e-22,-1.0807975704500753e-22,3.2033566656844558e-24,-1.092687051949679e-22,-1.0902875071741293e-22,-1.0963417207941245e-22,1.1063334368252915e-22,1.0,-1.0747424755168338e-22,2019-02-26
-5.542266311660843e-23,-2.213548435488188e-22,1.12076588949926e-22,1.685276083861896e-24,-1.3729489563683396e-22,1.12209038789898e-22,-1.0962270833964146e-22,1.1131958790721037e-22,1.0,-1.6494120603221198e-22,2019-03-05
1.1116770538171422e-22,8.324295458676168e-23,1.0,2.2204156116399885e-22,1.9441722684878513e-22,4.9524769289204763e-26,-5.557979359551372e-23,-1.1121480471417978e-22,2.0165647468304836e-26,2.4973775981327633e-22,2019-03-12
5.819841749442475e-23,3.1645711606398102e-24,1.1677016270581425e-22,1.150614667476052e-22,2.2595933383729323e-22,2.268613797094011e-22,8.715125746020839e-23,1.0,1.1187053517042352e-22,1.1463495112333773e-22,2019-03-19
5.69640298993733e-23,2.1656428425344386e-24,1.127204423063659e-22,7.045886355412167e-23,5.702195880833112e-23,7.97760636738489e-25,1.1177749322363924e-22,1.1246322593211244e-22,1.0,-1.0982306147050878e-22,2019-03-26
-1.0864578809216714e-22,-1.0668969530765982e-22,2.8749329228861295e-24,1.0,6.34989701457549e-23,2.2600644661660166e-22,1.1242216434919283e-22,1.126769929701383e-22,6.34561877629189e-23,-2.3136481144473495e-23,2019-04-02
1.0,-1.1081939610100982e-22,1.649693519722423e-25,-1.1104497723088584e-22,-2.774197217927304e-23,-1.7211734084945628e-22,-1.1111345954414486e-22,-2.748140384875163e-23,-1.6613585130327422e-22,-1.1058749638325374e-22,2019-04-09
-1.0990522965072342e-22,-5.359807160689391e-23,1.1206368123493475e-22,-1.0941592973255254e-22,-1.083882368356742e-22,1.0,5.395900982423013e-25,5.182851276264233e-25,-1.796142490164104e-22,2.069201931384127e-24,2019-04-16
1.0895403190017846e-22,3.273855187978748e-22,2.179457407509108e-22,1.0515948194419623e-22,2.1659530325955775e-22,2.163717367001666e-22,2.1645683077318244e-22,4.394204108591408e-22,2.160527044296451e-22,1.0,2019-04-23
-1.4254425788544993e-21,-2.0676987632462785e-22,5.910246435921141e-22,-6.501230224992456e-22,0.025371881746402616,-1.190290974347715e-21,-2.173881766861287e-22,0.9746281182535974,-6.154118234367833e-22,-2.0162837377880977e-21,2019-04-30
1.2428625465418801e-24,5.67220424610136e-23,1.1892466760350931e-24,5.619579634557654e-23,-5.49645731034979e-23,1.1281341251919311e-22,-5.437844917897737e-23,1.0,2.86551650596466e-23,5.641725860463629e-23,2019-05-07
1.1205813558360076e-22,2.2271553766020933e-22,3.337824091947333e-22,1.1207057370217517e-22,3.3376488373067003e-22,1.116562522127434e-22,2.779543215730641e-22,1.0,2.78646619934644e-22,2.2248900301859565e-22,2019-05-14
1.0,-1.1072599013882898e-22,-1.1067792770041315e-22,3.931265302454217e-25,2.918254093098164e-25,-1.3797592178390172e-22,-1.1075817466613028e-22,1.2780344436840502e-22,-1.1054448661665441e-22,5.577613995855423e-23,2019-05-21
2.8500549148832414e-23,1.114075853211581e-22,8.487019000842518e-23,1.0,4.2705324492284646e-23,1.6360413103185095e-24,1.1185553085727992e-22,1.1174863837884088e-22,3.1031981959033676e-24,1.1137615067316957e-22,2019-05-28
3.3400583364206493e-22,2.2265703895948487e-22,2.227342787596979e-22,9.529521833611492e-25,2.232322843927444e-22,1.0,1.114859113751339e-22,2.2200750026016025e-22,2.2302775890798626e-22,2.230713502453398e-22,2019-06-04
1.8536092234980295e-22,1.2837827053441939e-22,1.2488602183484932e-22,1.2522939868416588e-22,1.385108555990657e-23,1.0,1.177269487716637e-22,1.2670589585851337e-22,2.317156755839849e-22,1.2330356457713417e-22,2019-06-11
2.9628527749357324e-23,1.1423390440418161e-22,5.732776992954811e-23,1.0,1.8529108181065814e-24,2.2786319331014885e-24,1.6823435550764952e-24,1.1192567996044633e-22,-2.5889153285802706e-23,-2.2142097552573677e-22,2019-06-18
-2.820001969350379e-22,1.3876777704102972e-22,-5.9135360370486116e-24,-7.78156751196451e-23,2.275174708930938e-23,0.3667153243856118,8.565538882642005e-24,0.6332846756143883,-2.0036929179480226e-22,7.116050407107547e-24,2019-06-25
-2.853840019081915e-22,4.769546726130025e-22,0.05112289396584808,1.176350510630002e-22,1.0238102373253093e-22,-7.952252191430253e-22,3.5756657111086223e-22,-7.078715510031824e-23,0.948877106034152,-2.2660663224252124e-22,2019-07-02
-3.574601837622475e-24,1.0946093482035215e-22,1.7826385246878725e-22,1.0724982020252584e-22,1.0907770778726578e-22,-4.605003072714745e-24,5.1096581169449025e-23,1.894425146904189e-22,2.20087578230353e-22,1.0,2019-07-09
1.0,-1.0796151636872747e-22,-1.0849912520813957e-22,1.135084467767333e-22,-2.4680911959290746e-23,2.4405561879941964e-24,-1.081369444863442e-22,2.0354307521204126e-24,-1.066814933405612e-22,-1.1185843756319663e-23,2019-07-16
-1.0993627009012647e-22,1.1235472595929714e-22,-1.0920708301797814e-22,1.0,-5.566223451360113e-23,1.5232714853348842e-24,7.064521746075732e-23,1.1298702193108918e-22,-8.22970671859042e-23,1.6730723594820307e-22,2019-07-23
2.605064210133946e-22,0.7421584059864362,8.97213015831027e-22,3.6346754568507907e-22,0.25784159401356377,-1.6462067867903024e-22,4.258364092595283e-22,2.48563117885403e-22,2.948916387542732e-22,7.102187613503656e-22,2019-07-30
1.1302401478670456e-22,1.884696964487775e-24,3.1121995672181018e-24,5.637413505216992e-23,-4.0051843036317237e-23,5.625061492928909e-23,-6.847996456164391e-23,1.0,5.774815738224394e-23,-1.634021391179495e-22,2019-08-06
-5.51505185847184e-23,7.675541336179687e-23,8.370142838339891e-23,1.0,1.9446070052221907e-22,2.8105269455101815e-23,1.6696410741057498e-22,2.780000402614341e-22,1.1144937121243344e-22,8.371005421031525e-23,2019-08-13
1.1557197801462624e-22,5.968979307000868e-23,-1.062909630247402e-22,1.133850533226501e-22,2.2511176183748237e-22,2.2470516744707694e-22,1.703711101613753e-22,1.0,4.704626358919911e-24,1.7169902408229576e-22,2019-08-20
1.0,1.1055901120221928e-22,1.1447196148328876e-24,1.1275677791912848e-22,1.1307965700437266e-22,1.6874744703931356e-22,2.23073396691506e-22,2.248192529456798e-22,2.2361071429025116e-22,1.115123021165983e-22,2019-08-27
4.5316002060482296e-24,2.144297544270565e-22,1.778917327043281e-22,7.823207456490141e-23,1.7127192494285523e-22,5.678859977262646e-25,4.57665497775595e-23,0.5022555944225616,0.49774440557743843,6.945794442958099e-23,2019-09-03
-5.521470102942054e-23,1.0,1.6679606018142518e-22,8.379454442725631e-23,1.1141699025183339e-22,-1.1058305218820313e-22,-1.1070204607026217e-22,-1.666033776651404e-22,3.427048099291691e-25,3.4164274353538513e-25,2019-09-10
8.537061588791413e-23,1.1583558066896027e-22,5.83318523266149e-23,-1.9222385342074626e-22,-6.541089853823155e-23,3.0647538616446504e-24,-1.074551524920785e-22,-1.6393780644202172e-22,1.0,-1.0741198996341228e-22,2019-09-17
-1.1096452132256979e-22,-2.2169436081680824e-22,1.0,5.54725119313145e-23,-1.1079430874419086e-22,-1.8701495079462948e-22,-1.6651866959778924e-22,-1.3870175916621647e-22,-7.607072341226975e-23,1.2639999635637123e-25,2019-09-24
7.81483763997463e-24,1.1436172193736235e-22,-1.340354656710412e-22,7.060240328852166e-24,6.223874071930288e-23,3.3989356184422835e-23,-2.1773663763882362e-23,1.0,-5.1845725700660907e-23,-1.0658053451130274e-22,2019-10-01
-4.49724051016398e-23,-2.1253726423943405e-22,-4.5839207251944824e-23,9.476553303596125e-24,3.972329929113519e-24,1.0,6.435094299871853e-23,6.292725852046127e-23,9.394629553974453e-23,6.558595972189748e-23,2019-10-08
-2.888029068386406e-22,-1.802255053858884e-22,0.5728615919995811,-2.330681498375432e-22,-6.674801834150087e-23,0.42713840800041897,-1.3005039320008106e-22,5.884738834023861e-23,-2.9908441089252555e-22,-2.2699429985722846e-22,2019-10-15
2.2031780106170654e-22,2.737485079543562e-22,1.65038528969973e-22,1.6322794542050839e-22,3.310846034779868e-22,8.267113336912086e-23,1.3530503454192817e-22,1.0,1.0722923360531996e-22,1.0888086553116095e-22,2019-10-22
-1.0612716574750978e-22,-2.177588388578873e-23,-1.0993000965146404e-22,-1.0854453264581572e-22,-1.096228208255058e-22,-1.0716614736257913e-22,1.0,2.015421457037597e-24,-9.176143572855084e-23,-1.6124852633796768e-22,2019-10-29
-1.1408026696515716e-22,-4.404250625695732e-24,-3.1987488756732446e-23,-1.168315047809455e-22,-1.1627988211798238e-22,-5.600581425424473e-23,1.0,-1.1976674559926432e-22,-1.160771260466939e-22,-8.808348558735093e-23,2019-11-05
1.6890338017681689e-22,1.124890461692161e-22,1.0,5.646795278395066e-23,2.794206663163322e-22,2.6882508393286956e-24,2.66337968432381e-24,1.1161635444001505e-22,3.1353102057792917e-24,2.228780554458812e-22,2019-11-12
1.68493519446974e-22,1.1209610391579963e-22,1.122940962640819e-22,1.1209426494698483e-22,1.0,1.1222762187453835e-22,1.680926260333822e-22,2.7914276697673104e-22,4.26681921384819e-26,2.8344422468466e-23,2019-11-19
1.0,-1.109510474958788e-22,-5.542246933493003e-23,-1.110498442592335e-22,4.863713514085591e-26,5.538011740591069e-23,-1.179434452006289e-25,-1.942195554236021e-22,1.110228845526116e-22,-1.1092122427963772e-22,2019-11-26
-1.6142503707588774e-22,-1.590351387900063e-22,-2.309644100966143e-22,-1.289992076360222e-22,-2.7296968622667457e-22,1.521877734323113e-23,1.0,-1.5875441212361702e-22,-1.1488418536961793e-22,-1.0676155906856683e-22,2019-12-03
-1.6560109195617797e-22,1.0,-5.317640511292195e-23,-1.099055196449285e-22,-2.4832416347123837e-22,2.977767536920634e-23,-8.252577432079153e-23,1.0570125644835926e-24,1.1267923271418932e-22,-5.43653314132071e-23,2019-12-10
-1.094453542797544e-22,-8.173867363850249e-23,1.123705403093309e-22,-5.31480980873407e-23,1.0,2.947584241768241e-23,-1.6495507968427052e-22,-5.46971051266396e-23,-5.400745654036627e-23,1.742979775342384e-24,2019-12-17
1.711253937531469e-24,9.0421272433272e-25,1.0,-8.075850835584257e-23,-1.0932321256226813e-22,-1.6595620337762322e-22,-2.2121931345353093e-22,-1.649982434921394e-22,-1.6467058942567294e-22,1.121423620344211e-22,2019-12-24
-4.930477171912701e-23,1.5712345012303725e-22,1.68892118479423e-22,3.0446134200156043e-23,2.807420784579978e-22,8.692917956223447e-23,1.713904524209189e-22,1.0,2.4048525336634014e-22,2.2595759111220517e-22,2019-12-31
2.1161898480320293e-25,-1.1077937248339666e-22,1.250771678511578e-22,-1.6626240081072774e-22,-5.527682374943987e-23,1.6664512686667993e-22,1.0,4.0326406695299224e-25,-1.6620264890430697e-22,1.665452935971033e-22,2020-01-07
1.1180194664212807e-22,1.3957892433571435e-22,1.6742916381582092e-22,-3.0356453599318556e-23,1.119938703019554e-22,1.116757716221226e-22,-2.743569430662291e-23,-1.65856134126932e-22,1.1140430276076829e-22,1.0,2020-01-14
1.1195333982426246e-22,1.1191292163367788e-22,-1.0989382531972823e-22,-2.212719547611154e-22,1.0,1.1150562844886626e-22,5.482653164024414e-25,1.3593270246862673e-25,1.6742040053258814e-22,1.6681800675095012e-22,2020-01-21
-2.2017948856156135e-22,-3.8482335440732727e-22,-1.8889816283361895e-22,-2.172792024711683e-22,-2.1376697142027535e-22,-4.1164142028565093e-22,-2.183166352749468e-22,-1.7597570427162262e-22,1.0,-2.1745954472769026e-22,2020-01-28
5.551076898814542e-23,5.559558195781917e-23,1.0,-2.783510313714675e-23,1.1128349718106247e-22,1.0233560878295763e-25,-5.553012990427539e-23,1.1103346035008545e-22,-1.6645523159781076e-22,1.1110134781985147e-22,2020-02-04
1.1431052028667803e-22,2.1143547604167405e-22,3.992113588437841e-22,3.632244365261863e-22,3.273898477656924e-22,3.9045817672799404e-22,3.923673507764126e-22,1.151019555111963e-22,1.0,8.752172728703236e-23,2020-02-11
5.69914083863653e-23,1.6731706849156316e-22,-5.448817007967348e-23,-1.6540150118426428e-22,5.604007680757074e-23,1.1251852093234496e-22,1.0,1.1120586694092367e-22,-1.242737644091641e-22,5.561600048682252e-23,2020-02-18
-6.820262647076936e-23,1.6796455194784395e-22,1.0,-5.36897265663398e-23,6.977600997995209e-23,2.9948812562670034e-23,1.1198178116612397e-22,1.6721237719736135e-22,1.547003900386895e-22,8.37835271134242e-23,2020-02-25
1.9987058103084746e-24,1.4145732811110098e-22,-1.1109533944535941e-22,1.0,5.740495091879399e-23,-5.425841977137993e-23,-1.1033750048136952e-22,9.62659324711735e-23,-1.090438545972828e-22,-1.6548493826804501e-22,2020-03-03
1.6459941832277412e-22,2.6398806373462784e-23,2.759807106823163e-22,2.1511504523167433e-22,1.0,-1.1387288487947575e-22,-5.687545210027385e-23,-5.772850072185245e-23,5.30263631424365e-23,-5.976469546380397e-23,2020-03-10
-1.3877958336098218e-22,1.0,-6.926866131099648e-24,-1.6646623384124107e-22,-1.6655883033044405e-22,-1.110770939546679e-22,-2.7707874660424715e-23,-1.6653152280472604e-22,-1.1102321928616927e-22,-8.3244547569641e-23,2020-03-17
2.7971158293245692e-22,3.0670007456726357e-22,1.0,2.236668991309774e-22,1.548872025092449e-22,2.2326255606639527e-22,1.1231534919144845e-22,2.786923032117105e-22,3.3407318760997706e-22,1.1245063432308444e-22,2020-03-24
1.0,2.0907258890169222e-23,-1.109148070818334e-22,-1.9425273158565393e-22,4.1689942918071705e-23,1.1103276881682034e-22,-1.9417674488212956e-22,-2.775015874860028e-22,2.786890795200657e-23,2.5113725881381123e-26,2020-03-31
-1.80360850701487e-22,-1.6650230247812807e-22,1.0,-5.546814763346763e-23,-4.1584148567909106e-23,-4.0248185288421766e-22,-3.885279592371497e-22,-1.1096309410448078e-22,-2.2206270981535523e-22,-3.3304530504289556e-22,2020-04-07
5.957579388804222e-22,-1.6586718927454444e-22,-1.3693294133583694e-21,0.9525885537856645,-4.578590198186092e-22,3.7984654163794107e-22,-3.7565021235060746e-22,4.912839553245066e-22,5.787808207930572e-22,0.04741144621433542,2020-04-14
3.365386517705937e-22,2.2535094086553787e-22,2.284591151644461e-22,2.2338912917689063e-22,1.7102024881423558e-22,2.2611757487288607e-22,1.1304997715127515e-22,1.1496950010220528e-22,1.0,2.266425837801713e-22,2020-04-21
1.5152603309010567e-24,-1.088267673195885e-22,-2.7658324679402906e-22,1.0,-8.229437163393917e-23,-9.586029882783934e-23,2.7922597502430055e-23,5.66663434403529e-23,-8.218046233866693e-23,-1.0998669408111413e-22,2020-04-28
-1.0817463525390466e-22,2.8104405993685384e-22,3.4400014294868716e-22,1.5460522091306684e-22,0.42970003258578393,-6.962234968576291e-22,-4.906120256997076e-24,1.8196717203850576e-22,1.049226974271517e-23,0.5702999674142161,2020-05-05
-1.1216393239433145e-22,-1.1337335842583382e-22,-1.1389398537642055e-22,5.2144234693160493e-23,-1.1382046605069622e-22,-1.1267406433943512e-22,1.0,-1.6815870550328694e-22,-1.1084321296652603e-22,-1.1353740031234498e-22,2020-05-12
2.078125599899697e-24,1.423828144927398e-24,1.1255524140060683e-22,1.1269136855189599e-22,1.121240789734586e-22,3.085176345814772e-23,1.1355321827388256e-22,1.307564797039707e-24,1.0,1.8375936954214115e-24,2020-05-19
3.3375072007516195e-22,2.229255732482569e-22,2.783285137845141e-22,1.120980412580345e-22,8.73702226894655e-25,1.1162008484922079e-22,1.0,2.225130963066738e-22,-2.730493871030449e-23,8.330364689781127e-23,2020-05-26
1.111670418734261e-22,1.0,1.1125128092676163e-22,1.5262559480769418e-22,2.2208987772347823e-22,1.6651676524288247e-22,2.7773692495750955e-22,2.2219870882682147e-22,1.6678538719613372e-22,4.442632236545355e-22,2020-06-02
6.386455777945882e-23,4.182189548408761e-23,1.3029140931878448e-23,0.46540665044735585,2.547944660705162e-22,-4.756678738274097e-23,0.5345933495526441,-1.0421210975149998e-22,-5.1683727026005514e-23,-1.2450100422001207e-22,2020-06-09
5.57423507206158e-23,2.2274426554770575e-22,-2.8469162586133843e-22,0.4307320042775971,1.7774974582220517e-22,0.5692679957224029,8.10644735269958e-23,7.251060178447511e-23,-6.0882944652976565e-24,2.069950727989161e-22,2020-06-16
-2.5068365250735967e-23,-2.6169779300011602e-23,-8.121474379779464e-23,1.1178139412232663e-22,1.8224845415849844e-24,5.564038823803359e-23,-5.33580840557292e-23,3.801377328331276e-25,1.6981917435144769e-22,1.0,2020-06-23
5.70507645141825e-23,5.78445954464846e-23,-2.1708915105059556e-22,-2.175086931598683e-22,-5.194377238671723e-23,1.0,1.0196142007400383e-22,-1.6193301402941352e-22,-1.0556373416882583e-22,-2.475367258852538e-22,2020-06-30
2.798891146393517e-23,1.0,2.22191979951152e-22,5.592261828610783e-23,1.6679021818493953e-22,2.225196086592841e-22,2.2239783317586567e-22,1.112330816083146e-22,2.8061588588583717e-23,2.7757958251383607e-22,2020-07-07
-2.7501928883298685e-22,1.5289587718680993e-24,2.1236975189264473e-24,-1.7868199066603444e-22,1.0,-1.6499261141431398e-22,-2.186897997878377e-22,-1.0786233965020962e-22,-1.0957871796347016e-22,-2.1845343022626636e-22,2020-07-14
1.0,3.33191644015551e-22,5.555547408077094e-23,2.220294292713671e-22,3.3309098431865e-22,1.6658711375683532e-22,5.549090748738579e-23,3.33211003610493e-22,1.1123238333699099e-22,1.1123038632944644e-22,2020-07-21
2.051776603852771e-22,-1.6427122320346022e-22,0.6492250070445854,-4.201702501377438e-23,1.8757776786646089e-22,-2.257561803673089e-22,-2.998717007950904e-22,-8.889532821971045e-23,-8.014941837289956e-23,0.3507749929554146,2020-07-28
3.2790677102626985e-22,1.0571535913046605e-22,1.0,1.6414467336686528e-22,5.150716652504088e-23,2.209468576909767e-22,3.275897692336442e-22,3.3107654527616593e-22,1.0934842519004476e-22,1.0618016472416645e-22,2020-08-04
-4.0231339772615745e-23,-5.634318950456783e-22,1.0108270273269845e-21,8.668716536777746e-22,0.8155923609077167,0.1844076390922833,-3.0504797004748836e-22,5.32008128682281e-22,-6.897854955902222e-22,6.559876142291939e-23,2020-08-11
-1.0816093892260128e-22,-1.065876087262409e-22,3.631980861995914e-24,-1.0802781478374088e-22,1.1376771495971232e-22,-5.1385735917127235e-23,1.1505894843704703e-22,1.0,6.016083232501194e-23,1.6756035768060935e-24,2020-08-18
1.0361226168563286e-22,-7.370746302590914e-24,7.792598334259629e-23,2.173984138207626e-22,2.5547795629279934e-22,6.109371888600237e-23,1.0,1.0275680834445903e-22,2.1745449325765405e-22,-6.177839156879716e-23,2020-08-25
-1.1011484068523332e-22,-1.1054350889289587e-22,-2.217436138343008e-22,-2.7396881904811035e-23,-8.268188141252448e-23,5.114654982861256e-25,-1.657432077538884e-22,-1.1032493545325624e-22,1.0,-5.441987325041629e-23,2020-09-01
2.2225995106328515e-22,1.0,1.1110154654192536e-22,1.110350779725421e-22,2.2223451022282495e-22,1.1106693344161609e-22,1.1119330231186307e-22,2.2204791868185643e-22,1.3896990974041012e-22,1.6676616966933997e-22,2020-09-08
-3.037504584106246e-22,5.227455967850637e-25,-1.376547801863717e-22,-1.087551515610656e-22,1.0,1.080295370011417e-24,1.966591568664931e-24,1.0603718188704695e-24,8.48843201566041e-23,1.6845857100528355e-22,2020-09-15
5.233743428696859e-23,-1.1609719910161346e-22,1.6304755844312276e-22,1.0888804947095027e-22,-3.948302785943742e-24,1.0,2.1851126585242213e-22,3.3011043573338153e-22,2.1894636863902157e-22,2.202442203396467e-22,2020-09-22
-8.211270859199473e-23,1.1280036452177582e-22,-5.41859479882265e-23,-1.9262230069376751e-22,1.3722393688427451e-24,-1.0948309149958957e-22,1.1264355802896875e-22,1.1220402779751662e-22,-5.354107246064642e-23,1.0,2020-09-29
2.6653542239696217e-24,-1.1034728569923827e-22,1.1351501854736385e-22,-2.744728997336547e-23,1.5718998917760462e-24,1.0,-1.6527777099365625e-22,2.0741111776569205e-24,2.8383860528649983e-23,1.1261448319828917e-22,2020-10-06
1.0,1.1087891569713846e-22,1.1594058205868317e-26,5.557473901933769e-23,1.1090170784158326e-22,3.3308367114048733e-22,2.7741936668745615e-22,1.7707983057414257e-25,1.1089080374469848e-22,-1.671595148827676e-25,2020-10-13
5.858629947091258e-23,2.2677411821177404e-22,2.2874905790482033e-22,5.837351893118208e-23,1.1932511540005281e-22,1.0,2.2800509040041034e-22,1.1678793648310672e-22,1.133607267736408e-22,-1.0312939982231724e-23,2020-10-20
6.947594046881869e-23,5.561158792709717e-23,2.774170005384599e-23,-5.552668672055784e-23,1.9446887774458459e-22,-1.1091297754160124e-22,1.0,5.565261740476462e-23,-8.314150948484418e-23,5.562891582233338e-23,2020-10-27
-2.1702966540591554e-22,-1.349830745143053e-22,-2.248800956433543e-22,-1.6212976826628284e-22,-1.092481722256665e-22,-2.2072128913357137e-22,-1.0584664508320959e-22,-2.218523338053233e-22,-1.053951004131189e-22,1.0,2020-11-03
-1.0858804835690774e-22,-2.0553083958707594e-23,1.4915379777390772e-23,-1.8385038352475334e-22,4.0157503762378807e-23,4.964553007794305e-23,-5.145855692800193e-23,1.9679971806067835e-22,0.4964643090387004,0.5035356909612996,2020-11-10
2.775947657867012e-22,1.6649096964997837e-22,1.0,-5.54033840525011e-23,2.497720197827747e-22,1.1109782616065166e-22,3.330893956629501e-22,1.5287512121716176e-22,2.7839650400264265e-23,3.3312398381784436e-22,2020-11-17
2.7785312134697605e-22,1.0,3.611458416029666e-22,1.6670510856427645e-22,2.2247971551340983e-22,1.6700319852295357e-22,1.114230272980297e-22,1.3918234066453707e-22,3.3333552806154346e-22,5.58319661140876e-23,2020-11-24
3.042188259254755e-23,-1.6224668266862526e-22,-1.6059754316345138e-22,-1.0523588267913262e-22,-7.471235161147286e-23,-1.3799059609395677e-22,-4.185256253805974e-23,1.7972761547060927e-24,1.0,-3.2898954407356947e-22,2020-12-01
1.1155457150873432e-22,4.9354186076008064e-23,8.390043410594374e-23,3.7863274800408123e-25,-1.1061778141977693e-22,1.3972508050256613e-22,2.781179470943213e-23,2.222460366392897e-22,1.0,1.1179686247442364e-22,2020-12-08
1.3875447052064339e-22,2.2094927254982273e-22,-1.4675547804002525e-24,5.487024332895989e-23,5.278280513439979e-23,1.0910116899129916e-22,8.073093437848712e-23,1.0,1.1041789158676518e-22,2.6012284057678567e-23,2020-12-15
-5.515756332946174e-23,-5.539123933702776e-23,2.2236835520105604e-22,8.392550465671282e-23,-1.1079876421748723e-22,-1.1074509375919247e-22,1.115458005071447e-22,1.0,5.597250089086959e-23,-5.873017936460009e-23,2020-12-22
7.665189800267087e-25,2.819145983215323e-23,-8.189809729407398e-23,-1.097282896434336e-22,2.232044237769242e-22,-5.45347787568338e-23,1.0,-5.524852914841788e-23,4.991929041459705e-25,-5.53599184714396e-23,2020-12-29
1.1126917848896423e-22,2.341943338623237e-25,-1.108859109404748e-22,8.333463148601631e-23,-1.1067552918809013e-22,-8.298880207970099e-23,1.0,2.302169310745664e-25,1.669430085129224e-22,-1.1003404497970458e-23,2021-01-05
1.0,1.1103084374006291e-22,1.185476641205936e-25,-1.1094880994430645e-22,1.111745766737401e-22,-1.1098040784567264e-22,-5.547400487368879e-23,1.1118532464626949e-22,1.111541662089906e-22,1.349365406271677e-25,2021-01-12
-1.108865153342692e-22,-5.521308240779143e-23,1.6685043979177736e-22,2.633025994561073e-25,1.0,-5.527461064870371e-23,-2.772729963776094e-22,1.8692055682537975e-25,4.199509259444192e-23,2.814614553707142e-23,2021-01-19
2.0168493942919573e-22,-2.681589253263341e-23,0.709258233887466,-2.1036909825148691e-22,6.084952759368135e-22,5.044047596128854e-22,1.8166021389196216e-22,0.290741766112534,5.552917994595552e-22,7.343960710975252e-22,2021-01-26
-2.229608548380795e-22,-3.3387625050567433e-22,-2.7835084418725473e-22,-2.2436240256045946e-22,1.0,-5.017722358569427e-22,-3.3397590541641956e-22,-2.2341734429401344e-22,-4.4523118192597725e-22,-1.1240859994601656e-22,2021-02-02
-1.0767251616614209e-22,-1.368968319135315e-22,2.4738777989717363e-24,2.3851933210719233e-24,-5.2931586721633227e-23,-1.0775134578300561e-22,5.918005819696314e-23,1.0,3.0229079121699296e-24,-1.628688763266573e-22,2021-02-09
-5.552922031144419e-23,1.7079235955901032e-25,1.0,-1.1084955435895738e-22,2.3796507589295652e-25,-2.759818860288279e-23,1.5803573762374395e-25,-5.542194709206259e-23,-2.0110091494318903e-22,1.9436944171808866e-22,2021-02-16
-7.041427867265067e-23,-2.506505624363023e-22,-2.3501428951932776e-22,-1.1189125966151712e-22,1.0,-2.786932140748851e-22,-3.0516004567256427e-22,-2.232045659132504e-22,-1.399614457958915e-22,-3.347690048639658e-22,2021-02-23
1.3490921971469583e-21,0.7813684538606988,-2.130416925827586e-21,6.9473525356736e-21,0.21863154613930127,-4.512070713766347e-21,-2.1101729004923973e-21,-8.975062767853765e-22,-1.3165425131738253e-21,2.396757934329599e-21,2021-03-02
5.571619661315625e-23,-1.6652096399510985e-22,1.0,1.7833595906172686e-26,-8.327877986814833e-23,-8.311901117567913e-23,5.558025553212199e-23,1.111611753120892e-22,1.1093428654434405e-22,-2.2183004952167147e-22,2021-03-09
-1.1086882821689089e-22,-1.1054289801873239e-22,-1.6620133988015346e-22,1.0,1.6650587967267338e-22,-2.2167569586011558e-22,-1.663550580402945e-22,1.1152476493560944e-22,3.2610404106936956e-25,-2.2164469108123138e-22,2021-03-16
-1.1080402129287095e-22,-1.1073354869202215e-22,-2.2167233394910093e-22,1.0,1.112925752013075e-22,-2.5948900009160804e-26,-4.1465735521284207e-23,1.6665640892654592e-22,1.2796921634166675e-25,1.1505804392096716e-25,2021-03-23
-1.0934593278555545e-22,-1.895120131181536e-22,5.754346969451032e-23,5.632417833723872e-23,1.0,3.055759604098833e-23,1.147347099118108e-22,5.765657650330818e-23,5.792621349867732e-23,1.738302635983512e-24,2021-03-30
-1.08805469563121e-22,1.670639986182873e-24,2.243450735828506e-22,1.1255262483526587e-22,8.466537135013682e-23,2.6057494786262803e-24,2.9006594846832325e-23,2.2330026373245026e-22,1.0,2.083340060616729e-24,2021-04-06
-2.775911874704943e-22,-2.220350095524622e-22,1.0,-8.325701959151578e-23,-5.547551278747209e-23,1.0622977518963446e-25,7.604972958179937e-26,-1.1099869423387172e-22,-2.2192569209017826e-22,-2.3583861930528067e-22,2021-04-13
1.086415013465117e-22,-3.1212347555515435e-24,-5.906240523669454e-23,1.0878226923785417e-22,1.0739605707701268e-22,1.076933274800835e-22,1.6498375336146124e-22,1.0,1.0891222386456062e-22,1.1029054445504e-22,2021-04-20
1.687820742050744e-22,1.1397140653529347e-22,1.6899558929602643e-22,1.0,1.1408503469024578e-22,2.978045863957661e-24,-1.0905682838014525e-22,5.672647774440117e-23,1.1251709575805281e-22,2.1760797280740092e-24,2021-04-27
1.1280139007330823e-22,2.7818927182210365e-22,1.13726367111188e-22,2.5342040785613028e-24,1.0,-5.361692491337216e-23,1.6885083653699176e-22,1.711131270431079e-24,-5.11266822942996e-23,2.534674255838626e-24,2021-05-04
-8.059438095341965e-23,3.2274294309914977e-22,1.3827174710241663e-22,0.9052938608777531,3.5472660540132053e-22,1.27308634266826e-22,0.09470613912224689,9.469656394544953e-23,-2.1087923594664702e-22,1.6085787759594403e-22,2021-05-11
1.1303603084004278e-22,2.2515165795699246e-22,1.6724361251506731e-22,3.277822582201622e-23,2.24215374212736e-22,-5.2845423647335074e-23,3.6238987405411247e-22,1.0,1.1572962717188783e-22,1.3293546543692291e-22,2021-05-18
-2.288462988973437e-22,-6.155727816190233e-23,-4.613521326814046e-24,-1.1925234265028622e-22,-2.277922386944869e-22,-1.760164613796551e-22,-6.19084235323761e-23,1.0,-3.1408231689899655e-22,-3.982998188712149e-23,2021-05-25
-2.775737523387084e-23,1.0,-1.108160282511976e-22,-1.221113401784416e-25,-3.0523064613744283e-22,-3.8861977340128333e-22,1.0806132917414288e-25,-2.5664071783985457e-22,-1.1100025457531997e-22,-2.2192095353599494e-22,2021-06-01
-1.1080224220352925e-22,4.163594237579934e-25,8.689432678687697e-26,3.2405940142544217e-25,-2.215574078306108e-22,-1.6631648332905263e-22,-2.218379523410052e-22,-2.2177626534876907e-22,1.0,-1.1062876622545234e-22,2021-06-08
-1.0384036818267437e-22,-1.5605462779311253e-22,6.061704223683667e-23,1.0,-1.2908745875195113e-22,-1.01166929674785e-22,-1.5898434787893454e-22,-2.1151473173548585e-22,-2.4094706897460192e-22,1.0210581140185475e-23,2021-06-15
-1.854530147707542e-23,1.714385393956822e-22,3.064416303402556e-22,2.291616200649516e-22,2.7999684137286473e-22,1.0,3.3560249360159186e-22,3.385493031544489e-22,2.515169770898877e-22,1.6989249496819444e-22,2021-06-22
5.0100855374399065e-22,3.687456435756017e-22,4.1119932609601946e-23,1.5331696281414768e-23,0.8930022234168132,6.87052258018747e-23,0.10699777658318683,6.753566131142806e-22,2.8409584460397154e-22,2.1888608117000187e-22,2021-06-29
1.0,1.6664935770490018e-22,1.1092253344900635e-22,1.664906513862032e-22,1.6659410797557694e-22,-2.3815395954632236e-25,1.2470805882903983e-22,1.1098069408123284e-22,2.220538842383036e-22,-1.1100347016650339e-22,2021-07-06
-1.351111904957532e-22,-1.6464650189535494e-22,-1.0887244080638273e-22,-2.1580614510322763e-22,-2.4184626048833935e-22,1.0,-2.198520281034396e-22,-2.426536925278054e-22,-1.5719314450181784e-22,6.376802382855882e-24,2021-07-13
1.499223048698456e-22,-8.93052384248399e-23,1.7680508264295388e-22,2.236084547815367e-22,1.192398709373306e-23,1.1636794868745219e-22,-2.5326210369471684e-23,1.0,3.6721053490343515e-24,8.957965769608359e-23,2021-07-20
-3.282668542809333e-22,2.165827135572004e-22,-2.705369729981855e-22,1.1032458486216917e-22,0.2912605120692325,0.7087394879307675,1.230544361884378e-22,-7.402968720695724e-23,-3.212352561526432e-22,-3.2299512455480897e-22,2021-07-27
-1.6300750279575388e-22,1.0,-1.9267789024572573e-22,8.628699053783017e-23,-2.1234385860617383e-22,-2.183318999784411e-22,-2.212157571560959e-22,-1.3477101097518195e-22,-1.1016887001206945e-22,-8.866415628321919e-23,2021-08-03
-3.670300114038091e-24,-7.123378414545615e-24,1.0637272944672397e-22,-1.137444193432837e-22,-3.8990804808708154e-24,-5.870880485173541e-24,-9.430431415167046e-23,-6.382100633081075e-24,1.0,5.1738687691251554e-23,2021-08-10
-1.6168926521410462e-22,-1.0395908762472375e-22,-7.638732768486596e-23,1.0,-2.128682502636971e-22,-4.8595610880615356e-23,-2.0724390614361908e-23,6.424788758710037e-23,-1.0276671758451248e-22,-9.64698475726877e-23,2021-08-17
6.0095116381317555e-25,5.872514848583647e-25,-1.108396308793483e-22,5.590646907078279e-23,-4.0501136365947525e-23,1.0,1.3964802426966944e-22,1.3951265585620043e-22,1.4500590977621003e-23,-5.539598979576924e-23,2021-08-24
1.1173785209340192e-22,3.90280947159063e-23,1.1131129167354469e-22,1.672880484951906e-22,3.3361962419783723e-22,2.226552251718189e-22,1.0,1.1190403419267493e-22,1.1154615923316726e-22,1.1149837811148655e-22,2021-08-31
-1.0813882755202137e-22,1.0,-1.0801513868801808e-22,3.5129134872205715e-24,-1.0776218704064817e-22,4.186556564127966e-24,2.4131589855853685e-24,-1.06738178591813e-22,2.236610361156627e-24,-5.299781377631997e-23,2021-09-07
-1.2176261245170855e-23,5.923090261576136e-23,1.1212365036699394e-22,2.042127661204654e-24,2.031108439161147e-24,1.1516335782556434e-22,2.2407134834588467e-22,1.3678029376009266e-24,4.1694985933660646e-24,1.0,2021-09-14
1.0,1.667035926655876e-22,2.224576192582985e-22,3.33504234146705e-22,1.1119349936762237e-22,3.3359618342021683e-22,8.366724120211165e-23,5.27581925712352e-22,2.777736898931827e-22,2.7794046057744678e-22,2021-09-21
-1.148874515106846e-22,-1.9675791840612986e-22,-2.813123310249582e-22,-2.564180101666407e-22,-5.94486574311744e-23,-3.912541872795106e-22,-1.2922763921732718e-22,-2.851765572243943e-22,1.0,-2.2318311100089946e-22,2021-09-28
1.1092515426371913e-22,1.5480502866063325e-25,1.0,1.66544570712395e-22,1.6673716840610278e-22,1.6667832951681666e-22,2.2231025471408097e-22,1.6658907186136536e-22,1.1113328439368727e-22,1.9437384079707476e-22,2021-10-05
-5.493839000809638e-23,-1.653852251714895e-22,8.436798415751861e-23,2.2262108806278427e-22,1.1250336559586403e-22,-5.452433337293576e-23,2.5084639061479493e-22,1.0,-1.2970598764455883e-23,-5.389566962066311e-23,2021-10-12
1.5128093661687376e-22,5.448105495721293e-23,-3.202654176038856e-22,-2.85374133939276e-23,-2.2261449816376035e-22,1.0,-1.5730093265708867e-23,-5.679213759114888e-23,1.6569446088619266e-22,-1.1239217283479318e-22,2021-10-19
-5.38783967384602e-23,1.6954685406959096e-22,1.1393468347241878e-22,-5.430600196760854e-23,2.879771912775296e-23,1.13549550941964e-22,-1.0730395696620836e-22,5.667143798612343e-23,5.734948950511795e-23,1.0,2021-10-26
-3.305586298565998e-22,-6.429294819291212e-22,-1.1233853016362306e-22,0.2848971530192454,-7.4343428494056855e-22,-5.7375370736480735e-22,-1.1099068123324144e-22,0.7151028469807545,-8.505792775288748e-22,2.1567725884378736e-22,2021-11-02
-5.824372464565462e-23,-1.5615141067508007e-22,-2.2763725356248753e-22,1.0,-1.1299667724113132e-22,-5.950138119436795e-23,-2.6719930811226634e-22,1.6091452793008594e-22,-1.1485149973498958e-22,-8.916445486355364e-23,2021-11-09
2.9817773033818443e-23,-5.349319133697929e-23,-3.9730890821256434e-23,2.935196033321671e-23,2.7961875779453983e-22,5.667091100469796e-23,1.0,-5.337981767826168e-23,-5.363408035159669e-23,-1.0834181836951816e-22,2021-11-16
1.6806294182614227e-22,1.116000078253448e-22,1.6874861508269884e-22,1.0,8.434800789174916e-23,2.2300094677844264e-22,3.3397943934302274e-22,1.6785818438007051e-22,5.778432219082789e-23,1.1259795292385794e-22,2021-11-23
3.14900526789484e-25,-5.459615791613132e-23,-1.1079781756206017e-22,1.014382594735973e-25,-2.7355965471527605e-23,2.8318381534427773e-23,1.670370176632655e-22,1.0,2.2223775988679057e-22,2.850257191607515e-23,2021-11-30
-1.9996576016706878e-22,-1.8070099587873104e-22,0.673872918592065,0.32612708140793495,2.142063231573106e-22,1.5379728761219934e-23,-1.527616740697723e-22,-3.1961206628876893e-22,7.365547917996314e-24,2.4227290891780243e-22,2021-12-07
1.112051225073704e-22,1.0,1.943452707695818e-22,2.222695516545761e-22,1.1931592065689757e-26,-6.913678092074599e-23,9.743677713349419e-23,1.8679126452598117e-25,4.172578621191075e-23,1.1117829377168842e-22,2021-12-14
5.609097703904837e-23,1.0,7.972116708226988e-25,-1.305753202988697e-22,-5.408460656797718e-23,1.9553967103577728e-22,-2.495880615950933e-22,-2.7361640427486944e-23,1.53328846498706e-22,-5.45408959136269e-23,2021-12-21
-1.6515065623500852e-22,-1.3518965917215992e-22,-5.538217863821146e-23,-6.78456768477998e-23,1.1517988549074569e-24,1.0,-1.109081600820681e-22,-1.0979590189395872e-22,5.783858332875511e-23,1.2486189439155915e-24,2021-12-28
1.0,1.6660104844276936e-22,5.555748213891632e-23,2.2206478138258127e-22,-8.324539100562306e-23,1.1106691999323247e-22,2.775563792064593e-23,2.221053943050981e-22,2.0820823357373695e-22,1.1099557393269453e-22,2022-01-04
-5.417500012111706e-23,1.0963212996273675e-24,2.1124249490224769e-22,4.180506303086292e-23,3.60773861440695e-24,5.770093091413533e-23,1.0,1.4143397026980178e-22,1.9615791310926802e-22,5.607221055272164e-23,2022-01-11
5.566582055972047e-23,1.1100909179346257e-22,1.1109329789028488e-22,2.0883477766060913e-26,1.0,-5.548387717902814e-23,1.1104325918273816e-22,-1.1089072069166593e-22,4.17433295867373e-23,-2.769201820108829e-23,2022-01-18
2.2223255851161195e-22,2.223423036751735e-22,2.777920140319198e-22,3.3331393990527005e-22,2.222987421358081e-22,1.3917916976648394e-22,3.331109933171396e-22,2.2234417738314225e-22,1.0,-1.3818213030340115e-23,2022-01-25
0.22402057652920906,-4.157282062756931e-21,0.7759794234707909,-2.8593379909386427e-21,-1.8225295976744904e-21,-5.958033205359053e-21,-1.1484917874519868e-21,-3.647225641803503e-21,-4.353736772292903e-21,-7.326868113552183e-21,2022-02-01
3.990686217784367e-24,-2.2243911221784643e-22,-1.6499909323014942e-22,-1.063283336507438e-22,-1.0910517463515325e-22,1.0,2.8698934028600377e-24,-1.0333005498291104e-23,-1.0486632840127081e-22,-1.0758457688754528e-22,2022-02-08
-1.0499153350600811e-22,-1.5913024035785836e-22,-1.017776913712753e-22,-2.15126537538379e-22,7.7574314345667e-24,-4.876472504683577e-23,1.4676166813140016e-22,1.0,-4.784398925027944e-23,-1.0235649026854175e-22,2022-02-15
-2.1997494318810986e-22,5.752965798652176e-23,-9.461277082116295e-23,1.6795596012399114e-22,1.4663695022530904e-24,5.651943143613147e-23,5.797156643638791e-23,2.792858387548361e-23,-1.090044808315737e-22,1.0,2022-02-22
-1.1066196945799029e-22,-2.219559322671708e-22,-5.524898660223162e-23,8.336344675757653e-23,-5.526919743047567e-23,3.094382212293964e-25,1.0,-2.21955549839884e-22,-1.1097760179116595e-22,1.1112566320154858e-22,2022-03-01
9.036574046199689e-23,0.6180500229286553,7.053309867019875e-23,2.5268767167719894e-23,-2.6471371120118337e-22,-2.6817121157449905e-22,-8.69391044951503e-23,2.4548954813336395e-22,0.3819499770713447,-1.2360112312166546e-22,2022-03-08
2.7066265013140397e-24,-1.661179492082029e-22,1.6829260764311879e-22,-1.0951974915172036e-22,1.0,-1.09754488126245e-22,7.0156812663980045e-25,-8.654305389364823e-23,-5.335612305228941e-23,2.8051340123318767e-25,2022-03-15
1.0,2.7752721998229994e-22,4.439474766291501e-22,3.192051824936856e-22,2.4975566400029275e-22,4.718301773776688e-22,2.496709413894742e-22,2.2182857314961323e-22,3.3304282869064716e-22,4.995390593996027e-22,2022-03-22
1.1122334660252098e-22,-5.491569510077299e-23,2.273926942484505e-25,2.2223531105376996e-22,1.1162737395402954e-22,1.1120335856123066e-22,1.0,-5.488116678375172e-23,2.2212116202644195e-22,2.62267072376957e-25,2022-03-29
-1.051146182866769e-22,-1.644913106260662e-22,-2.7269569491362753e-22,-2.1662029706163335e-22,-1.0628374681560946e-22,-2.16858313829486e-22,-1.0825241474090302e-22,4.15712916500905e-24,1.0,-3.832150722047653e-22,2022-04-05
1.6662802701849732e-22,-5.514048750995149e-23,1.9467029038112924e-22,1.666188435266248e-22,1.1126240299577528e-22,1.0,4.998851799587626e-22,1.1119563807353665e-22,2.222700310609097e-22,1.1136043713016097e-22,2022-04-12
0.33324942169392857,-2.3779274167683227e-22,-2.9674766662489835e-22,-2.8441486797245965e-22,0.6667505783060714,-6.908981522567038e-23,-2.429818655346028e-22,-7.732199685656842e-23,-3.5669839864830545e-22,-1.4909182385585812e-22,2022-04-19
0.4151428091107714,7.598133902600587e-23,1.4030672299687686e-22,1.012017138288734e-22,4.443262742359871e-23,2.364868015301602e-22,1.6453687304024348e-23,0.5848571908892287,1.414233011750814e-22,3.230853822162579e-22,2022-04-26
2.2229479083476367e-22,-5.414026469267106e-23,1.0,-2.63765606018617e-23,2.240625572137049e-22,-1.2313321589405645e-22,1.2343158025460981e-24,3.6203477082981025e-22,-1.094218185684248e-22,-1.6437165859558207e-22,2022-05-03
-2.3490396180741e-22,0.1753288378999536,-6.630786004041234e-23,-4.387684888873768e-22,-1.2675439974819102e-22,0.8246711621000463,-2.877653195331027e-22,-2.838384097137066e-22,-2.2489817583417497e-22,4.983175562365903e-24,2022-05-10
1.0,2.0514964560415746e-24,1.1268481517543715e-22,2.8895010714455986e-24,2.5432399902740316e-24,2.7999860169979692e-24,1.151937080563569e-22,1.2000614636964915e-24,7.617699695845442e-25,3.0991211100631767e-24,2022-05-17
-5.531291712643775e-23,-3.884456438673539e-22,1.0,-1.6640521598909742e-22,-5.528559946801711e-23,-1.1090800231219818e-22,-2.21960947515087e-22,2.2219854971573393e-22,1.1124610988960187e-22,-2.912024403463445e-22,2022-05-24
1.0,3.330448566255451e-22,1.6660316472122943e-22,1.1116466018910856e-22,1.6648021628099327e-22,2.774964526536297e-22,1.6659508330039714e-22,1.1108171844064283e-22,1.1112269039925693e-22,2.22103650888216e-22,2022-05-31
5.876311459936405e-23,1.0,-5.320004885197324e-23,8.756961460872724e-23,-2.1968823859618095e-22,-2.1865413746092437e-22,-3.291657454428144e-22,-2.1756143306389554e-22,-1.0766968836788632e-22,4.4860946618858965e-24,2022-06-07
-2.2052908562996013e-22,2.949056430167376e-24,-2.8800224175741233e-22,-1.9184682043065786e-22,-1.3748846346498076e-22,-5.369973278081781e-23,8.504512468969383e-23,1.0,-1.0933760858546105e-22,-1.154664400041985e-22,2022-06-14
3.769877236472862e-24,1.0,-5.1019640070185156e-23,-1.086304329585582e-22,-5.375922895648276e-23,3.7277830484950055e-24,2.961853960010219e-24,4.3920910921174046e-24,-1.9388389529871243e-23,2.7268275366742556e-22,2022-06-21
-3.3281237033963183e-22,-3.593416876011395e-22,-3.3128650887141145e-22,-1.6488335706398392e-22,-3.3051607308297527e-22,-3.3194846043420594e-22,1.0,-4.724618242740917e-22,-2.754535974377218e-22,-3.300032062926987e-22,2022-06-28
5.60646822528064e-23,-5.462824950036462e-23,7.763099818482697e-26,-5.473862674334871e-23,1.0,7.988842088606049e-25,-1.1035342143316644e-22,-1.1084977749951185e-22,-1.6581377105525237e-22,9.569124315057059e-25,2022-07-05
-1.0818590620462155e-22,-1.072309566223669e-22,1.0,-1.0907694961181717e-22,-1.1027328522999152e-22,-1.0912528315491718e-22,-2.202963095794126e-22,1.7922067011064332e-24,-1.0798684704137262e-22,6.99426799920061e-25,2022-07-12
-3.390757022503533e-24,-7.087596817872342e-24,1.0446382887689082e-22,1.0439063956850693e-22,-3.199905005795145e-23,1.0443727047012844e-22,-2.545560809042356e-24,5.11679070366115e-23,-6.172340998438896e-24,1.0,2022-07-19
9.568537345536048e-26,2.2225795944526296e-22,-5.544239190769856e-23,-1.1091514448472998e-22,1.0,2.3590356577987326e-22,2.223043385877814e-22,8.685628503129527e-23,1.666838024958805e-22,1.1100413653749377e-22,2022-07-26
-3.754775093021433e-24,-5.78744975850237e-23,-4.402477163844285e-23,-5.793160473588172e-23,-2.2278219037931015e-22,-1.109253397546543e-22,-1.6774020182077346e-22,2.444060014392353e-23,-1.138883505113893e-22,1.0,2022-08-02
8.655142120029184e-25,-1.0384210737522172e-22,-1.0181878597310826e-22,-2.004326366219493e-23,-1.0097109192326497e-22,-1.6039638362876817e-22,1.439775589893664e-23,1.5240867650685615e-23,-1.5928632364856387e-22,1.0,2022-08-09
1.4918301235545666e-24,-1.0916522278811806e-22,2.2361590924360897e-22,-2.3370764977841078e-23,5.738811056116762e-23,5.968806617490921e-23,1.1493200345027946e-22,5.992483344409553e-24,1.0,5.880232181527378e-23,2022-08-16
-1.1234470082371299e-22,-1.1112180326893185e-22,-1.1098556610852427e-22,-3.883047266324702e-22,-2.7830487383800406e-22,-1.1117637647376205e-22,1.0,-5.660955273711811e-23,-1.1187520039058715e-22,-5.477666569323566e-25,2022-08-23
-3.6037908243713505e-22,-2.2172719560199964e-22,-3.0466925341059813e-22,-2.7730510545930145e-22,1.0,-3.606334203010862e-22,-2.7714916166755367e-22,-2.2167921928192647e-22,-3.3263426404617523e-22,-3.3292032956062255e-22,2022-08-30
1.3098205409463266e-25,6.368019183196364e-26,1.0,-5.548202540663107e-23,2.2228281844919064e-22,-2.7671882608912326e-23,1.1116745268198696e-22,4.167591397558544e-23,1.1103039810067383e-22,2.5061745648479694e-25,2022-09-06
1.114224465357809e-22,3.7913986430958904e-24,-5.2418615844857974e-23,5.584819678392334e-23,-1.1912345732376642e-23,-6.776862386587286e-23,5.895188889842764e-23,-5.22423553233711e-23,1.0,5.822474445140051e-23,2022-09-13
-5.597054022639347e-23,-1.1310983595528192e-22,-5.720257547712933e-23,-2.5150242195945907e-22,-8.623055466715796e-23,-5.759553955556913e-23,-1.6982248630152846e-22,1.0,-1.8204605912704476e-22,-5.759624873767106e-23,2022-09-20
-1.4119621879379154e-22,-3.4876743535634525e-22,-2.25037809638203e-22,-3.371932170469248e-22,-2.5441361499557246e-22,-1.7109307478206877e-22,-3.3781155283000367e-22,-1.4268964104703846e-22,-1.1484181853967862e-22,1.0,2022-09-27
-3.8820510593240376e-25,-2.2232286990034336e-22,1.110500691724139e-22,1.103766588957552e-22,-1.1137450714695516e-22,-6.748751497596015e-25,5.48113907948453e-23,-2.5677240996429003e-22,5.550501945170454e-23,1.0,2022-10-04
4.461175081491082e-23,5.790888633683524e-23,2.8457620245098105e-23,-8.136147985753045e-23,-1.1696780060286807e-23,1.388138590984542e-22,1.1435510964747689e-22,2.231482120687049e-22,3.914816047835886e-22,1.0,2022-10-11
-6.273858466942948e-22,1.7319629528149945e-22,0.6854464012634202,0.3145535987365799,1.609277699930637e-22,-5.160269509952612e-22,-1.1170305962151098e-22,2.545607230055362e-22,-5.106812608607737e-23,-5.858892553933114e-22,2022-10-18
-2.2184769526853384e-22,-2.22088373997437e-22,-1.10918645568835e-22,1.0,-2.7645358187880116e-23,-5.535057817381769e-23,-1.5248850302280712e-22,1.1113613424037423e-22,5.569268721773342e-23,-2.219503152320138e-22,2022-10-25
-1.0894276735818605e-22,-2.2035613793215585e-22,-6.842374142611187e-23,-1.649495594606044e-22,-2.210560313332865e-22,-1.0962779496175102e-22,-5.401611274536081e-23,-2.488611445233554e-22,1.0,5.573753144416036e-23,2022-11-01
-1.6645778735306928e-22,1.0,-1.1092062842926855e-22,8.336207544153009e-23,1.110728221168658e-22,5.562651437874498e-23,1.0415966246363885e-22,-4.149472688639704e-23,-1.38771467897027e-22,1.6666179892922922e-22,2022-11-08
-1.388026569866365e-22,1.0,-2.081883042220802e-22,-1.3875573482277765e-22,8.029160723249576e-27,-2.7690369216018046e-23,2.0812110173626191e-23,-2.220637754978751e-22,-5.631386339542025e-26,2.769094759281002e-23,2022-11-15
3.1096569013498553e-25,3.074081238972931e-25,3.342189361048375e-25,-1.10694247016182e-22,1.0,-5.531797573397034e-23,6.893778798714636e-26,-5.53076300943693e-23,-1.6638718336065745e-22,-1.2623974060007096e-22,2022-11-22
1.0,2.220641122174517e-22,1.3890895340747631e-22,1.6652833820907396e-22,1.9436773606060387e-22,2.220239541522099e-22,-5.554767989236018e-23,3.885414366406778e-22,1.1101810924552196e-22,2.775207354724737e-22,2022-11-29
1.8147461336829104e-22,-1.091136974460028e-22,-1.3802918499121342e-22,-1.6557970111489404e-22,-5.627261414526462e-23,-1.6481595042111744e-22,5.667603093461034e-23,1.0,1.5010171421899881e-24,1.1287845049317661e-22,2022-12-06
-1.6612532157943724e-22,-2.72189036152067e-23,-3.051594663058443e-22,5.855402067396272e-25,8.03202287085109e-25,-5.542246571572248e-23,-1.9405073442937116e-22,1.0,-2.2145435235004433e-22,-2.7689005254481764e-22,2022-12-13
1.1359667661344747e-22,-5.1921314839474274e-23,-5.25991118121599e-23,1.0,-2.2010741368714718e-22,-5.362491009009253e-23,3.6712294615179194e-24,-5.2038432568403894e-23,-2.1871069006644756e-22,5.895266635243498e-23,2022-12-20
-8.438588228401869e-23,-8.483503731261967e-23,-1.126860008387703e-22,5.465516924394019e-23,-1.6772458232169442e-22,-1.1327916569970029e-22,-1.1273692793388917e-22,-2.225138232859092e-22,1.0,-3.3290786761290213e-22,2022-12-27
1.1112585956012125e-22,1.1152965700104639e-22,3.33409907594633e-22,1.1145133866850892e-22,1.0,5.605942732984199e-23,1.1174482905889272e-22,-5.509827753198388e-23,-5.513921980970642e-23,1.1133897293598325e-22,2023-01-03
-8.017963036217405e-23,6.173943765812707e-23,1.1279286341136916e-22,1.0,-5.365463310559121e-24,2.0637741384886427e-24,-5.0420008152976447e-23,-6.355642024541738e-23,-1.6415162482148804e-22,2.9004376333462646e-24,2023-01-10
-8.302068946528601e-23,5.566821194995456e-23,5.577184935102408e-23,1.1092820580727138e-22,1.223876025030123e-25,1.0,1.666738816694325e-22,1.6673867938288507e-22,-1.3857387213469813e-23,2.250776370921476e-25,2023-01-17
-3.35364930156048e-21,2.144642453120115e-21,7.911662934460175e-21,5.117554259772832e-21,2.478437987344071e-21,0.8550710432607547,0.14492895673924536,6.664957919788375e-21,-3.506611305693679e-21,-2.5282075718375355e-21,2023-01-24
1.6493335873820893e-22,5.397051165427319e-23,-2.2302286805896667e-22,-5.757311317218379e-23,-1.0826075382728033e-24,-2.959007855559217e-23,5.55266280852355e-23,1.0,-1.1138224089429166e-22,1.0961074750194438e-22,2023-01-31
1.0,1.1099083374416707e-22,-1.1117042076497988e-22,-5.554046516773626e-23,-9.613472449663711e-26,-5.546754776137155e-23,2.760411742029033e-23,-1.3887157652836336e-22,5.55135667573015e-23,-7.52545608708245e-26,2023-02-07
-1.1427357029032244e-22,1.6128039770058594e-22,1.8929153790358295e-22,1.0,-4.3720274064618435e-24,-1.718060964148582e-22,-1.1335515930306128e-22,-5.079824762454514e-24,5.0504612189295733e-23,-3.069295410373945e-23,2023-02-14
2.2207107971892278e-22,1.0,5.562078201466586e-23,-6.941030605898332e-23,-8.317864497714236e-23,5.554181020023156e-23,1.1118689348877251e-22,5.563052099095665e-23,2.222515104210811e-22,5.552455234259334e-23,2023-02-21
1.1302584655485248e-25,-5.535175233126017e-23,-1.663518423551257e-22,1.0,1.368514488596692e-25,-1.1097409942593232e-22,1.1109153625834257e-22,-3.884121494110972e-22,1.4568031000705279e-25,1.6667109492584018e-22,2023-02-28
-3.588144222462128e-22,-5.53586298919569e-22,-2.2021081559744386e-22,-2.1920676559991135e-22,-4.427057333348695e-22,1.0,-3.5587355169623643e-22,-2.190131836512314e-22,-4.0869099204062126e-22,-5.534855524660722e-22,2023-03-07
1.3230638307029534e-22,1.1968374955421122e-22,8.660356264123333e-24,-3.417231371113637e-22,-7.7739260947014e-23,3.9023314556705813e-22,0.7855452932556862,-2.058239595286868e-22,6.18713513477063e-22,0.21445470674431377,2023-03-14
1.6842844712672625e-22,1.16904992546841e-22,-1.0344211518976219e-22,1.6541565072270587e-24,5.217036169931905e-24,5.852735999492769e-24,1.1531467259384624e-22,-2.4807206721987547e-22,3.0900990798911154e-22,1.0,2023-03-21
-9.37709101273132e-22,-3.645520926286429e-22,-3.275699769261549e-22,0.2505109574884911,-2.976137523662419e-22,0.7494890425115089,-1.6094511006164088e-21,-5.940179120325448e-22,3.210814516006775e-22,-7.041597538103234e-22,2023-03-28
1.8072999937195436e-22,1.6657015083225692e-22,2.2205653810659645e-22,1.9482571308479717e-22,2.222440181707226e-22,1.1123880967988106e-22,1.0,1.113676597364606e-22,1.6679841065373686e-22,5.580821669271211e-23,2023-04-04
5.622486539461442e-23,1.1340770785631888e-22,1.135749194660659e-22,5.604165817478138e-23,-5.400183498119982e-23,1.0,2.239299977328523e-22,2.7886546867749507e-22,2.793546898859906e-22,1.122011785544161e-22,2023-04-11
-7.027907997890763e-22,0.46154091663847485,-2.492538002007073e-22,7.5512387691685e-23,1.74167073131328e-22,0.5384590833615251,-7.014151222735932e-22,-1.4410488625050196e-22,-6.299844688111758e-22,2.1029338470106581e-22,2023-04-18
1.1341465425190886e-22,1.2921585561834065e-24,1.6872212408733637e-22,2.8822319778193435e-24,1.7406295222015334e-24,1.1411266288561065e-22,-5.393512570524025e-23,1.0,1.1318329657326893e-22,-5.216338227634164e-23,2023-04-25
1.0,-2.7753309805414974e-22,-1.5265089690030933e-22,1.8045997098910191e-22,-1.5265908345650173e-22,1.1105789332290199e-22,2.0620544032263335e-26,-1.109750300803482e-22,1.2494177856677117e-22,-5.544865805597291e-23,2023-05-02
3.3318276706778475e-22,2.5012810103397686e-22,1.0,3.333137007201784e-22,1.6686490030280854e-22,1.6684129526994172e-22,2.222846217077976e-22,2.5005425123870375e-22,2.7767866171866897e-22,1.389730214261323e-22,2023-05-09
-5.688025369260944e-22,-2.8704879614633127e-21,0.8620861078831392,-3.2059769298709375e-21,1.3374449725787804e-21,0.03166862168638327,-7.695311658292773e-23,-2.0935283372891318e-22,-1.0175552862535856e-23,0.10624527043047743,2023-05-16
1.6948176955512517e-22,2.8119043889027417e-22,4.4009753144291884e-23,1.7771171248486326e-23,1.0,5.846555022735393e-23,1.1398618326283629e-22,1.4065295907601108e-22,1.1410805132262564e-22,2.0464437294554828e-22,2023-05-23
1.0,-2.774451602196152e-22,-1.8034398901765317e-22,-1.6642751221698156e-22,-1.9424261545758362e-22,-1.941854409168961e-22,-2.497500672224521e-22,-1.6648033042893514e-22,-5.550358729013855e-23,-1.6644054829250731e-22,2023-05-30
5.902495650614278e-23,6.029354108893158e-23,3.566837635170581e-24,4.0833306591762905e-24,1.1455824865873474e-22,2.271363734743768e-22,1.0,1.6967972084797363e-22,1.777197706604915e-23,5.968912702411527e-23,2023-06-06
1.6757630211912193e-22,3.892878227063415e-22,8.4420994963237e-23,3.8922197105353435e-22,1.9560768378381951e-22,3.897238082837607e-22,1.0,2.5165951519588666e-22,1.7977546161515157e-22,8.443940026913605e-23,2023-06-13
5.665602180939455e-23,-1.3513516301069048e-22,-2.4450576217983097e-23,2.186031890962204e-22,-1.089716356656199e-22,1.0,-8.032598834645433e-23,-9.332683973865468e-23,1.68482493965273e-22,2.9904655190268816e-24,2023-06-20
-5.505240939876871e-23,-9.627698418095886e-23,1.248269848313128e-24,-5.32916453074452e-23,-2.2007161716682795e-22,-1.6450529728167904e-22,-2.2109045761646526e-22,1.0,1.6534824182650136e-24,-5.450875896950636e-23,2023-06-27
4.815439371287305e-25,2.228949623120315e-22,1.111655100942893e-22,1.1178300115525008e-22,1.0,-8.748169227908432e-26,2.2262411783793554e-22,4.307050378061506e-22,1.120402985040725e-22,5.034743396273526e-25,2023-07-04
-1.3762661475747107e-22,-9.682920825291015e-23,-2.76781344218738e-22,-1.2218378468811591e-23,1.0,-6.195494845585055e-23,-1.6610527497138768e-22,-5.435354773795374e-23,5.557324147360565e-23,7.570009744606815e-24,2023-07-11
1.0,6.055707918224201e-26,4.2319394669973706e-26,1.9086657960724773e-22,1.1452457484794085e-22,6.943907534434389e-23,1.6660802347924873e-22,-1.2478329142699076e-22,2.2611430023885353e-23,1.1108777802176025e-22,2023-07-18
2.221717823370985e-22,5.578216098178379e-23,1.3901493172863018e-22,2.777562056378573e-22,1.66886968980529e-22,3.888829120840715e-22,1.3892701955403067e-22,5.570337650794778e-23,1.6673904532267083e-22,1.0,2023-07-25
2.991000272184424e-22,2.25893799157503e-22,8.671165973492654e-23,4.067900857602386e-22,7.818628281753451e-23,0.5424375859151939,0.45756241408480613,5.583244947242946e-26,2.6544184254806226e-22,-4.6378996185240885e-23,2023-08-01
-3.1886468170450326e-22,-1.939635777924666e-22,-2.2183479293382047e-22,-2.7753422003275742e-22,-2.2160914963261473e-22,-3.3256824441491387e-22,-5.509461706908705e-23,-3.05208673914531e-22,-5.505738023474038e-23,1.0,2023-08-08
3.234050854075867e-22,5.297316496438049e-22,3.6530525804243696e-23,5.1064611139282675e-22,1.890114943106189e-22,0.22206495980496183,5.329528921805268e-22,1.5262441208910792e-22,0.7779350401950382,-2.1797835265362232e-22,2023-08-15
-1.5233389664072393e-22,-1.385488543582614e-22,2.4036950813944462e-25,1.091107194822189e-25,-2.218519254989306e-22,-1.6627607856720718e-22,1.0,-1.6642053114001551e-22,2.313495612303968e-25,1.746406314402984e-25,2023-08-22
1.4590191937480467e-22,1.110558519207463e-22,1.8060456111760467e-22,2.776616573438411e-22,2.4993083313502837e-22,-5.525889224233681e-23,1.3893071034416115e-22,2.22309818616134e-22,1.1125133122550362e-22,1.0,2023-08-29
8.333311213336469e-23,3.475108016434105e-23,1.0,4.169365688060609e-23,-2.0815672529150914e-22,5.556774487185548e-23,5.555063832182185e-23,-6.931498011721125e-23,1.1113683258565355e-22,-5.542869871412025e-23,2023-09-05
-1.907425516513073e-22,-2.202661202134594e-22,-3.0312402065511504e-22,1.0,-3.3040681947181713e-22,-1.3716073571782722e-22,-4.109126859537954e-22,-3.849939901718336e-22,-1.6382056777663236e-22,-2.4792793659129443e-22,2023-09-12
1.6300806526552007e-22,-3.8675657720792664e-21,-2.2010889511045743e-21,0.7290858788244605,0.2709141211755394,-1.1251701311131444e-21,-1.3547568591863895e-21,-5.209842340538541e-21,-3.2080434348933463e-21,-1.6434725896870177e-21,2023-09-19
8.461506072747459e-26,-2.769412024808163e-23,7.216043962974172e-26,2.786670990664997e-23,1.0,-1.1097163565578424e-22,-5.539597469416736e-23,-4.1573474121607197e-23,-2.7742928236743415e-22,1.2544370049438904e-25,2023-09-26
-7.696956572378523e-21,0.10320190401777898,0.896798095982221,-2.638825246621653e-21,1.1187811803393705e-21,-6.299537163683262e-21,-9.503870922951198e-22,-6.3659380805956454e-21,-4.8949191358715765e-21,1.7045340165795983e-21,2023-10-03
2.7768951678214774e-22,2.2224035146742754e-22,2.2228302574550465e-22,1.1111683957893065e-22,1.0,1.1125696473506537e-22,5.575321456286844e-23,1.1107391288308243e-22,1.8068279123253585e-22,1.665619596719364e-22,2023-10-10
-1.6604446672089619e-22,1.114744918886108e-22,-1.3659837096065809e-23,1.1135527160116085e-22,1.110392568152761e-22,1.6693786998623048e-22,1.0,-1.3658855547795582e-23,5.578359311946825e-23,5.59996929332059e-23,2023-10-17
2.9723656582984795e-23,1.26320759489295e-22,1.7034517667188718e-22,-2.2012567472818225e-22,1.0,9.74473601154571e-25,-1.6458278486664612e-22,-1.0917482076129983e-22,8.375702613750757e-23,-2.1854944205101027e-22,2023-10-24
-1.1055757966619534e-22,1.5215468489660525e-24,2.864592570887236e-23,1.0,5.653893743410489e-23,6.116180123214538e-25,1.1317053200571709e-22,1.6739744706223637e-22,5.622003568385573e-23,1.3940300347932137e-22,2023-10-31
-2.219394312684155e-22,-2.21820018193067e-22,-1.109815636724991e-22,-1.6622890353144292e-22,-2.2189290743078033e-22,5.588338501621781e-23,-1.1085694959020978e-22,1.0,-5.530468210190719e-23,-8.300688483393444e-23,2023-11-07
-1.6616260929492711e-22,-1.1052274556465457e-22,-1.1021209247991258e-22,-1.1049327669795284e-22,-1.0990313910230222e-22,-1.0970840664544394e-22,-2.20732588583044e-22,1.3529712432471236e-24,1.0,-1.3814278534806328e-22,2023-11-14
-1.1046208154243438e-22,-2.4892588268512816e-22,-1.3791866035141808e-22,1.0814544632150553e-24,-2.4879785579912543e-22,-5.495657073053424e-23,1.0,2.8318666992297457e-23,-1.2408395345635234e-22,-1.3799085549784617e-22,2023-11-21
-3.1391171846594587e-21,-3.4028935111190514e-21,-3.45724493695637e-21,-2.8052122805779097e-21,-2.519329086251677e-21,0.8585913137742823,-2.4577445170037946e-21,0.14140868622571748,-4.1745722481554084e-21,-1.866059902622382e-21,2023-11-28
2.865728660244358e-25,-1.6628315322241292e-22,1.6787207948621827e-22,-2.208754391588505e-22,-1.1085422942524526e-22,-1.10117935642328e-22,-8.139553540150601e-23,-5.482780302903024e-23,1.0,-1.6581706894604454e-22,2023-12-05
9.917583682711656e-25,5.620932294120725e-23,-1.6599582721455038e-22,-1.1049791002317585e-22,-1.6602864857678045e-22,6.78198642323713e-25,7.751536226947805e-25,1.0,1.115842793710162e-22,5.60280944210287e-23,2023-12-12
-2.210898845259658e-22,-2.493469144322646e-22,-3.322819501531448e-22,-1.102121075668774e-22,-3.3253485245857474e-22,-1.6591149744259594e-22,-2.2121319956504095e-22,1.0,-2.7710999233391557e-22,-2.2102595755664115e-22,2023-12-19
-3.8831520605795038e-22,-3.3194227900489354e-22,-2.768857686973016e-22,-4.670975825662592e-22,-2.20506596741674e-22,-2.7684047720137847e-22,1.0,-1.9354602464304753e-22,-3.326808964584962e-22,-2.766060615596766e-22,2023-12-26
2.775498878803818e-22,-2.896833012711134e-23,2.223377864099556e-22,3.331824207678622e-22,2.2209246925827807e-22,7.999817073810589e-23,3.056659982483847e-22,6.940907189457119e-23,1.0,2.22381979648565e-22,2024-01-02
0.35112569324516235,1.2273912810290165e-22,9.671270395443083e-23,1.2369124184258005e-22,2.852452544048461e-22,-3.732658639796837e-23,1.9430206849241783e-23,1.1811987491000582e-22,0.6488743067548377,-2.652727436386737e-23,2024-01-09
4.44663084282802e-22,5.278423948821332e-22,4.165709210891205e-22,3.888333391934967e-22,6.114500655457284e-22,3.8889552991270976e-22,5.557324184696643e-22,3.889427287541237e-22,1.0,5.555167409565114e-22,2024-01-16
-1.6618949564249226e-22,-2.7542669756435066e-23,-2.2173641502248045e-22,-2.714834197091285e-23,-2.7703237444977292e-22,-1.1044546450139248e-22,-1.941379486974182e-22,-3.323660688720663e-22,-1.3851714906473038e-22,1.0,2024-01-23
-6.099677270982746e-23,-1.1546608391092217e-22,-8.563326899831138e-23,1.091058366693346e-22,-6.000529656540441e-23,-1.4222428004480142e-22,-5.941691442485359e-23,-5.732195941315777e-23,-2.94989515767057e-22,1.0,2024-01-30
-3.1031198654436344e-23,1.1145536605765282e-22,2.935421693955476e-25,4.308397036896797e-25,5.571706489093829e-23,-1.103997990518891e-22,1.6655570679447493e-22,1.0,2.8068391642215355e-23,2.789710156689193e-23,2024-02-06
6.770729668549861e-24,1.1265966009444726e-22,1.0812381419933298e-24,9.041519357436621e-24,1.1735648021171645e-22,1.1364029758932208e-22,7.723541025602361e-24,2.271137251348839e-22,1.1798722710181706e-22,1.0,2024-02-13
-5.509539939916383e-23,5.578741378006229e-23,1.6681791895974473e-22,1.0,1.2773512903365737e-22,2.222911170644613e-22,3.9506345840534936e-25,1.946220458148371e-22,3.6882846728073966e-25,2.223908776752493e-22,2024-02-20
-1.100185579630353e-22,3.22366930551872e-24,1.6806601347948462e-22,-2.188156065970008e-22,-5.471664284621995e-23,1.0,-1.0944815321987588e-22,-1.0858244536563189e-22,-2.7389888078496904e-22,-2.740448923333561e-23,2024-02-27
-3.3087403218019924e-22,-2.2213046679104157e-22,-2.1981795332366093e-22,-1.646076644395056e-22,1.0,-2.2048825452384733e-22,-1.0934892501739876e-22,-1.0842741903144283e-22,-1.103034370984739e-22,-1.1043345909035795e-22,2024-03-05
-1.6241018066250528e-22,1.6175965644556883e-24,-1.6281106962719891e-22,1.1414864072376005e-22,1.0,8.583233982383649e-23,3.448512589292259e-24,3.347332788846826e-24,-7.774001538230665e-23,-2.2019608157046422e-23,2024-03-12
5.590589842159213e-23,1.1132957243109498e-22,5.590083216118432e-23,2.223851091475984e-22,1.1142587609431448e-22,1.0,2.2242037150893645e-22,1.1158164005813149e-22,1.1174212129922815e-22,2.5678644274900654e-25,2024-03-19
-4.7543342973972253e-23,-1.0548293832154864e-22,-7.621528057848151e-23,6.64139751010515e-24,6.477301183717443e-24,-1.6242001271744954e-22,-1.0671773599715943e-22,1.0,-1.5928398144118795e-22,-1.0275971287022304e-22,2024-03-26
-1.8056067599851225e-22,1.0,-3.8862546092123925e-22,-2.2099676447732966e-22,-2.5622562668217986e-22,-2.2157064835631127e-22,-2.2106529495308917e-22,-3.3272294302824135e-22,-3.320339428421061e-22,-3.8889550000263254e-22,2024-04-02
2.2399199346398443e-25,-2.2193860763060807e-22,-3.328608174448058e-22,-2.217596915121136e-22,-2.7734409722065793e-22,-5.526250945770637e-23,1.0,-3.882283783452284e-22,-2.4949238716092e-22,5.561065785084545e-23,2024-04-09
1.0,-2.770483805053326e-23,-2.4976587669487566e-22,-2.4983896600358423e-22,-1.1092732773883188e-22,5.55951625804108e-23,2.2110240444225162e-26,6.252169967947577e-23,-8.31973504762011e-23,6.622578357298165e-26,2024-04-16
8.349676913856908e-23,1.0,-1.108481812594998e-22,1.1137854953678222e-22,1.1125818358217146e-22,1.111524198234801e-22,1.114331103324606e-22,2.223477160090145e-22,1.6676294349401595e-22,1.1140552325030744e-22,2024-04-23
-5.718540702231468e-23,-2.261989225052553e-22,-1.1477869480447437e-22,1.0,-4.039120365301688e-24,-1.1380626507991028e-22,5.215126658694368e-23,-4.888773760744276e-24,-2.4740910163647634e-24,-5.806662663064254e-23,2024-04-30
1.397467861251587e-22,1.0953818957425565e-22,1.7854768016896536e-22,8.195034676427792e-23,1.0,-1.730845251890314e-24,-8.499692425608638e-25,1.1059898942566365e-22,-3.03014405852744e-24,-1.6780209529966262e-22,2024-05-07
1.0809004170812578e-24,-2.352215489929904e-22,-1.1050730264330692e-22,1.0,1.818961186796452e-24,-1.6585288131214498e-22,-1.0888462430084068e-22,-5.464850714180265e-23,-1.1066710601252995e-22,-1.9371440354506714e-22,2024-05-14
-1.661282773919453e-22,-1.3609398385580773e-23,9.744881057566868e-23,-5.528565350575949e-23,1.3941297651541904e-26,6.269148025790148e-25,5.580605734506588e-23,2.222088377654074e-22,1.1129354175698348e-22,1.0,2024-05-21
-1.9405007201886311e-22,-2.77021205641521e-23,-1.107444852905155e-22,-1.3846783788877573e-22,-1.106781790454413e-22,1.0,2.7710417743834573e-25,-1.66295648504514e-22,5.564730003544768e-23,-2.4950811636212426e-22,2024-05-28
2.239284841938128e-22,1.1384777757387443e-22,1.162597491296637e-22,2.256424837085692e-22,2.274276899540025e-22,9.383518463493336e-25,1.0,1.725253989805158e-22,3.3728528095178693e-22,5.869928126682737e-23,2024-06-04
5.561904924008746e-23,-2.765312169391574e-23,1.0,2.2209879972721995e-22,1.1123185520308903e-22,1.110407977102245e-22,5.565048365234216e-23,4.677239661303372e-26,-3.778990480435834e-26,5.555088112458031e-23,2024-06-11
3.340498763434417e-22,2.2377639618622865e-22,5.80637750155667e-23,5.006026106067959e-22,3.903165478454329e-22,3.346523883941265e-22,3.911399889514575e-22,1.0,3.3484189633075045e-22,3.3369944896889567e-22,2024-06-18
-2.7484196475597716e-22,-1.360807794382122e-22,-2.1905451298810227e-22,-1.0359730656613264e-22,-1.0449497295058418e-22,-1.0437486758739121e-22,-3.025811401567925e-22,-1.6175823801010555e-22,1.264156611825967e-22,1.0,2024-06-25
1.5565747144666629e-25,-2.7566910328850164e-23,5.57828691554688e-23,-1.1054439214054618e-22,5.558904547330669e-23,-1.1102166065186532e-22,1.1146650466270098e-22,-1.9377811858005329e-22,1.0,-1.6643972727858686e-22,2024-07-02
5.961424672535868e-23,1.1513103164573044e-22,2.2813006182282302e-22,6.068315839301054e-23,3.127318032186253e-22,7.438864117006441e-23,6.116087360952841e-23,1.1640253862421683e-22,1.0,1.5636796136981775e-22,2024-07-09
-9.566019895252266e-23,1.1105118044862888e-22,8.346511880337496e-23,1.715904266481808e-23,5.550254818005934e-23,-1.1043108059306928e-22,1.128184752913566e-22,-1.11075652465438e-22,1.0,1.68823850153929e-24,2024-07-16
-1.8289717174252165e-21,0.9772845574414399,-7.542597871896563e-22,-1.8253033333695763e-21,0.022715442558560086,2.1850520556225435e-21,1.5005938490209184e-21,-2.154896884586313e-21,-1.5860472416863763e-21,4.284851488256017e-22,2024-07-23
-1.976571448608587e-22,-1.1482217753555683e-22,-9.948292751076633e-23,-1.719640608414591e-22,-2.853844131743533e-24,-1.1488322777991621e-22,-2.279839349682398e-22,-1.174681136247882e-22,1.0,-1.6799934871176607e-22,2024-07-30
5.524081479481073e-23,7.03118017526099e-23,2.236324790427449e-22,1.0,-1.0895241159490139e-22,1.5358809015111532e-25,1.678233360062333e-22,-2.610225701968903e-23,2.2394082103620553e-22,-2.4914245292304736e-23,2024-08-06
-1.5962778062883758e-22,5.8540992443520004e-24,-5.0762362200988564e-23,-1.1843542505725074e-22,1.0,-1.5794752189947405e-22,-1.9477573500937695e-22,-1.4423980231425677e-22,-2.73797564484624e-22,1.1036546564668193e-22,2024-08-13
-5.1502507571082916e-23,5.979771792663141e-23,1.8440182567685093e-22,-7.750324908340384e-23,6.234284411298914e-24,1.0,6.012255784005576e-23,-2.298080542060356e-23,-5.205759466077087e-23,-1.056924176925542e-22,2024-08-20
-1.6617596709589452e-22,-1.1094234759885236e-22,2.7902940141385255e-23,-2.215866956360162e-22,-3.328094509449183e-22,-1.1077310992081868e-22,-2.21718431298024e-22,-2.7703214505764985e-22,1.0,-3.326168256410788e-22,2024-08-27
-3.6087604324625338e-22,1.3992603885999996e-23,-1.1085282770184648e-22,-5.540605457007314e-23,5.56662603065343e-23,1.0,-1.3872190355527005e-22,-1.3863535946654728e-22,-8.3243345874867e-23,5.561456978742254e-23,2024-09-03
2.2217593613272837e-22,1.0,1.6663024523989602e-22,1.112762364783278e-22,-5.517912494333903e-23,-5.517230783927808e-23,5.586530762916593e-23,-8.298396657189316e-23,5.577143792077304e-23,1.11311565864339e-22,2024-09-10
-3.712443794563659e-24,-2.276245101050538e-22,-1.1843780280920452e-22,-6.077610318779953e-23,-1.1873053332932137e-22,1.0,-7.134855523351913e-24,-1.1468849003676543e-22,-6.063717158899961e-23,-1.5776158493933799e-22,2024-09-17
0.3322663856968132,0.6677336143031869,-4.600910056021166e-22,9.438532696458553e-23,4.1730408836898097e-22,-1.2516815226519867e-21,-9.719757463821342e-22,6.494028534669505e-22,9.451552190212821e-22,7.406758714495415e-22,2024-09-24
1.1128121138956723e-22,2.7686408214449695e-23,1.1100917869989575e-22,2.7786430799781334e-22,8.355050254781e-23,2.221439028849131e-22,5.589108849332819e-23,1.1120166926182445e-22,1.110897104320737e-22,1.0,2024-10-01
-1.63850527527825e-22,5.3140373845624036e-24,-1.479647704250858e-22,5.988183413067357e-24,1.0,-2.2057426568387296e-22,6.380741783271014e-23,-1.6185938124600062e-22,1.1679555919673006e-22,-1.3360577042810982e-22,2024-10-08
5.99647179903074e-23,1.689753658652672e-22,1.973106072716139e-22,4.7252048325532835e-24,-1.078364633346482e-22,-1.634834345006097e-22,1.0,2.391947260023306e-24,-5.316588178086127e-23,-1.6675184943957927e-25,2024-10-15
3.323175538324098e-24,1.0,-5.1551668536057486e-23,3.108798955026413e-24,2.0927389561979365e-24,2.794957192115378e-22,-5.411196862640157e-23,-1.0872495717652415e-22,-5.403899178583877e-23,-2.646162918789101e-23,2024-10-22
1.1161516197121585e-22,1.1262282382309933e-22,7.941355273672749e-25,3.9004204867968178e-22,5.752367869742373e-23,-1.0989518177529922e-22,2.881983469608978e-23,1.0,1.6678484795423822e-22,1.1154669132215894e-22,2024-10-29
-2.2196360725900694e-22,-1.6568590861631868e-22,1.0,-1.1061296946455158e-22,-1.1010181824105453e-22,-2.496799903605327e-22,-3.874744514302899e-22,-1.6500665456361507e-22,-2.21456288724692e-22,-1.6486934760304942e-22,2024-11-05
-1.026904119365893e-22,-2.121250420151824e-22,-2.179424972745729e-22,-9.983762760711631e-23,-2.7354153457412015e-22,-1.767716604776332e-22,-2.1811067094564576e-22,1.0,-2.131820748847454e-22,-3.22742130385217e-22,2024-11-12
1.1297561559404536e-22,1.1210907214119863e-22,1.696254426632553e-22,6.008413504539754e-23,3.091851270300846e-22,1.0,5.727878993419558e-23,3.0906300693539902e-24,4.4201199309848855e-24,2.1211354389139894e-24,2024-11-19
1.0,-1.1110819256023675e-22,-1.1050044872933213e-22,-1.1050077245196313e-22,4.2082690315526065e-23,7.631778177872109e-23,-5.55165486029898e-23,-2.499193040010765e-22,-5.537404577617554e-23,-8.312694032401593e-23,2024-11-26
-1.288467261859875e-22,1.9352993630559766e-22,9.443268321495011e-24,0.8476848843878146,3.240920412849528e-23,1.7425418770476702e-22,1.0166380425453082e-22,-8.396347039815072e-23,0.15231511561218541,3.07299074277168e-24,2024-12-03
1.1682301573395899e-24,2.028577877377415e-24,-1.098544474040253e-22,5.66124438530171e-23,-1.0958505179778203e-22,8.483395152493195e-25,1.0,-8.191377040179821e-23,1.468081915052714e-23,1.1791989831890563e-24,2024-12-10
2.2198441265495082e-22,1.0,3.333702760794083e-22,3.8601527274108494e-25,1.1110645072685426e-22,2.4429399137974804e-25,2.7735792987891243e-25,1.1125317324999886e-22,1.113436126460492e-22,1.115766950396359e-22,2024-12-17
1.1539075035033096e-22,-2.2118756924157798e-23,6.623112850620795e-24,1.1507791941630413e-22,1.1588356021111424e-22,8.829445304430583e-23,1.0,-1.1018597606867983e-22,5.867205867076804e-24,-1.0667839656769976e-22,2024-12-24
2.1952571813192573e-22,4.407797561077466e-22,3.266378555494573e-22,6.077566600647846e-22,3.31907459945636e-22,1.6579435576164598e-22,1.0,3.3001022447386066e-22,2.2054916094900293e-22,4.117858701960537e-22,2024-12-31
-1.1774390500864296e-22,1.1136529297270753e-22,1.0,2.0189802712778934e-25,-1.385588950334039e-22,1.0619552352012376e-22,-1.1085074147058985e-22,-5.52231769862464e-23,5.570089447343568e-23,5.608338757544996e-23,2025-01-07
-2.258516405186647e-22,-1.7179698721534812e-22,-3.104147885918085e-22,-3.3870595189587496e-22,1.0,-2.2715716260738305e-22,-1.749975457575054e-22,-1.737083472570389e-22,-5.0942036257040755e-22,-3.662398821234972e-22,2025-01-14
-5.349106087096369e-23,-1.375526877131479e-22,-5.528632678082354e-23,-1.0952553863117792e-22,-1.3784312710386207e-22,-1.6503732671282746e-22,-2.6564290405175575e-23,1.1260759811198267e-22,1.9821784132165804e-24,1.0,2025-01-21
1.8235711285259306e-22,5.589238348862279e-23,2.226480300454581e-22,1.1139915883299842e-22,2.2241985609310548e-22,1.6700605685336194e-22,1.0,1.1168883523652062e-22,1.1143765799386042e-22,2.5006670611017237e-22,2025-01-28
-2.7657213691846307e-23,2.2242126588306923e-22,1.1111559214948344e-22,1.0,1.6674878004188607e-22,1.6682609225629464e-22,-2.759178408154936e-23,1.66692907291174e-22,1.667841491582913e-22,5.574878071545423e-23,2025-02-04
1.0,-7.336496860225598e-26,2.775977160810348e-22,-5.555147265239231e-23,-5.550253815829028e-23,1.1109131942482347e-22,8.325575208540446e-23,-5.553367864436133e-23,1.1103511910655386e-22,5.550012840701047e-23,2025-02-11
-2.7738931279334116e-22,-2.2188342312636906e-22,1.0,-3.3293986904743622e-22,-2.4956592179701703e-22,-2.2202034819351567e-22,-4.438857060700434e-22,-2.218901533910192e-22,-2.912179519887244e-22,-2.21893428814683e-22,2025-02-18
1.4830829350564082e-22,0.09463924849173967,1.296104663395347e-22,1.3419126933982995e-22,2.9704879494952985e-22,1.3332591174367974e-22,2.384650871655656e-22,1.4711320601410032e-22,0.9053607515082603,9.650990269928512e-23,2025-02-25
1.0,-2.2187344471923796e-22,-1.6644778792171654e-22,-1.663385459558864e-22,-1.6646872223247755e-22,-1.1113356409957458e-22,-2.2202468086181506e-22,-2.2190344772180973e-22,-1.1131861190985543e-22,-2.2206414356003563e-22,2025-03-04
-2.2154994748135584e-22,-3.30978299448183e-22,-1.087574289331655e-22,-1.3711302231453966e-22,-1.1104916361093926e-22,-1.1116666646576874e-22,-1.0985969430125445e-22,1.0,1.4945018467587585e-24,-1.6504332247555987e-22,2025-03-11
1.0444892293716729e-22,8.380088051220992e-23,-4.111913264262911e-23,4.468657704318423e-25,1.1166275675108553e-22,1.6682468780924574e-22,2.85767852240771e-23,2.038355504000698e-25,1.0,8.359912784926691e-23,2025-03-18
-1.11006173069743e-22,1.0,-1.0987743504345577e-22,1.5882785342760818e-24,4.6766578479590456e-23,-1.0983408847908705e-22,-8.155489755520103e-23,4.851827367803613e-25,1.1401165341286876e-22,-2.5611557225856564e-23,2025-03-25
-1.9133124109246967e-22,-1.072197157065275e-22,-3.5672373885700013e-22,1.0,-1.626574619191402e-22,-2.1934864543653684e-22,-2.585677928223939e-22,-3.842138536653198e-22,-3.3095165953914685e-22,2.1723027390970088e-24,2025-04-01
-5.410692147815215e-23,2.2365813967341184e-22,7.025821779052525e-23,1.683174889470041e-22,8.296589523611316e-25,-5.427367095099418e-23,1.3991392106363464e-22,1.1231895337135378e-22,2.9762443430017426e-23,1.0,2025-04-08
1.0,-2.1683374510749734e-22,-3.8855339686862544e-22,-2.770476630001318e-23,-7.631877698453092e-23,-1.1095189988088694e-22,-2.219653821686955e-22,-2.2201862921784013e-22,-1.3876185887825182e-22,2.081018919832918e-27,2025-04-15
-2.685262569269657e-22,0.1033620386381306,-1.5367369963745841e-22,2.8686768482422837e-22,0.8966379613618695,-4.32199999018016e-22,-7.723420915713233e-23,-1.902833320356028e-23,-3.7256051199543036e-22,2.69256609950169e-22,2025-04-22
1.9436850866704555e-22,1.0,3.3323373729371954e-22,2.2210618127666603e-22,1.9445026235901758e-22,3.3311861238305165e-22,2.221886120574286e-22,1.3883877771492109e-22,2.77630070690291e-22,2.9155482290417e-22,2025-04-29
5.587236745663703e-23,2.790463129083977e-23,2.899734129733216e-23,-5.533471323422654e-23,1.0,2.811812225451183e-23,2.232059720701399e-22,1.384082435923727e-24,1.481741936105519e-24,2.2287567378891185e-22,2025-05-06
-5.539700066324138e-23,-1.1080902867220776e-22,-2.2177150433978335e-22,-1.3860378456309573e-22,1.0,-1.1084801250027362e-22,-1.6634080190008973e-22,1.0960386732598886e-25,-2.217442227702084e-22,-2.772724907686137e-22,2025-05-13
1.0,2.49858197677489e-22,2.7760448007719235e-23,5.555111131095689e-23,5.553412136558137e-23,1.1106345093580168e-22,1.665683996280697e-22,-9.710774032829078e-23,8.327201213645705e-23,1.943095412916543e-22,2025-05-20
-1.3836826456003776e-22,1.0,-2.7642284894338786e-22,-8.208756391333766e-23,2.9033470368745257e-23,-8.239234490316083e-23,-2.210046462404713e-22,-2.762340745168277e-22,-1.9350090467275636e-22,-3.3165620005978115e-22,2025-05-27
1.4127701545227042e-22,1.0,5.674462484780592e-23,-4.035139023910157e-23,-1.9268540500327197e-22,-1.6572569770034618e-22,1.106124343017757e-22,-3.1494053682852066e-26,-1.1018262649440204e-22,-5.524374212397047e-23,2025-06-03
-2.727391827253132e-22,-5.2488153541148684e-23,1.6422126261875798e-23,-5.102479295776631e-23,1.0,1.1439881906205455e-22,2.8782043517860544e-24,2.0181640829675055e-24,-1.078013486289664e-22,-1.7767771391759917e-22,2025-06-10
-1.365540525701135e-23,2.797137994359261e-23,-5.525722504143597e-23,-1.108237760851709e-22,5.581690891875959e-23,4.1873371116410264e-23,1.112319053207936e-22,1.0,1.796919759058768e-25,2.773663624206551e-23,2025-06-17
1.0,-2.219481890076663e-22,-3.8848501783721155e-22,-9.709507991425995e-23,-8.317058259451276e-23,-1.5261304587997005e-22,-5.534701038821053e-23,-2.7742961895296607e-22,-3.0520482496549276e-22,-2.63525076063565e-22,2025-06-24
-1.0952646531471145e-22,-2.21259933813604e-22,-2.2134003955858204e-22,-1.5124869396269562e-22,-1.0966720569298909e-22,-2.0724527862754944e-22,1.2855819699576266e-24,-1.096413284830258e-22,1.0,4.1592814949517475e-25,2025-07-01
-2.218928040888462e-22,-1.9422753739557503e-22,1.0,-2.2199176964262714e-22,-1.6658667927281766e-22,-3.6078269597832833e-22,-1.1085303320319378e-22,-2.0814614908342702e-22,-3.607057919170084e-22,-3.0516733608199797e-22,2025-07-08
